date,close,SMA50,SMA100,Signal,Entry/Exit,Position,Entry/Exit Position,Portfolio Holdings,Portfolio Cash,Portfolio Total,Portfolio Daily Returns,Portfolio Cumulative Returns
9/22/2014,101.06,,,0,,0,,,,,,
9/23/2014,102.64,,,0,0,0,0,0,100000,100000,,
9/24/2014,101.75,,,0,0,0,0,0,100000,100000,0,0
9/25/2014,97.87,,,0,0,0,0,0,100000,100000,0,0
9/26/2014,100.75,,,0,0,0,0,0,100000,100000,0,0
9/29/2014,100.11,,,0,0,0,0,0,100000,100000,0,0
9/30/2014,100.75,,,0,0,0,0,0,100000,100000,0,0
10/1/2014,99.18,,,0,0,0,0,0,100000,100000,0,0
10/2/2014,99.9,,,0,0,0,0,0,100000,100000,0,0
10/3/2014,99.62,,,0,0,0,0,0,100000,100000,0,0
10/6/2014,99.62,,,0,0,0,0,0,100000,100000,0,0
10/7/2014,98.75,,,0,0,0,0,0,100000,100000,0,0
10/8/2014,100.8,,,0,0,0,0,0,100000,100000,0,0
10/9/2014,101.02,,,0,0,0,0,0,100000,100000,0,0
10/10/2014,100.73,,,0,0,0,0,0,100000,100000,0,0
10/13/2014,99.81,,,0,0,0,0,0,100000,100000,0,0
10/14/2014,98.75,,,0,0,0,0,0,100000,100000,0,0
10/15/2014,97.54,,,0,0,0,0,0,100000,100000,0,0
10/16/2014,96.26,,,0,0,0,0,0,100000,100000,0,0
10/17/2014,97.67,,,0,0,0,0,0,100000,100000,0,0
10/20/2014,99.76,,,0,0,0,0,0,100000,100000,0,0
10/21/2014,102.47,,,0,0,0,0,0,100000,100000,0,0
10/22/2014,102.99,,,0,0,0,0,0,100000,100000,0,0
10/23/2014,104.83,,,0,0,0,0,0,100000,100000,0,0
10/24/2014,105.22,,,0,0,0,0,0,100000,100000,0,0
10/27/2014,105.11,,,0,0,0,0,0,100000,100000,0,0
10/28/2014,106.74,,,0,0,0,0,0,100000,100000,0,0
10/29/2014,107.34,,,0,0,0,0,0,100000,100000,0,0
10/30/2014,106.98,,,0,0,0,0,0,100000,100000,0,0
10/31/2014,108,,,0,0,0,0,0,100000,100000,0,0
11/3/2014,109.4,,,0,0,0,0,0,100000,100000,0,0
11/4/2014,108.6,,,0,0,0,0,0,100000,100000,0,0
11/5/2014,108.86,,,0,0,0,0,0,100000,100000,0,0
11/6/2014,108.7,,,0,0,0,0,0,100000,100000,0,0
11/7/2014,109.01,,,0,0,0,0,0,100000,100000,0,0
11/10/2014,108.83,,,0,0,0,0,0,100000,100000,0,0
11/11/2014,109.7,,,0,0,0,0,0,100000,100000,0,0
11/12/2014,111.25,,,0,0,0,0,0,100000,100000,0,0
11/13/2014,112.82,,,0,0,0,0,0,100000,100000,0,0
11/14/2014,114.18,,,0,0,0,0,0,100000,100000,0,0
11/17/2014,113.99,,,0,0,0,0,0,100000,100000,0,0
11/18/2014,115.47,,,0,0,0,0,0,100000,100000,0,0
11/19/2014,114.67,,,0,0,0,0,0,100000,100000,0,0
11/20/2014,116.31,,,0,0,0,0,0,100000,100000,0,0
11/21/2014,116.47,,,0,0,0,0,0,100000,100000,0,0
11/24/2014,118.625,,,0,0,0,0,0,100000,100000,0,0
11/25/2014,117.6,,,0,0,0,0,0,100000,100000,0,0
11/26/2014,119,,,0,0,0,0,0,100000,100000,0,0
11/28/2014,118.93,,,0,0,0,0,0,100000,100000,0,0
12/1/2014,115.07,106.2301,,0,0,0,0,0,100000,100000,0,0
12/2/2014,114.63,106.5015,,0,0,0,0,0,100000,100000,0,0
12/3/2014,115.93,106.7673,,0,0,0,0,0,100000,100000,0,0
12/4/2014,115.49,107.0421,,0,0,0,0,0,100000,100000,0,0
12/5/2014,115,107.3847,,0,0,0,0,0,100000,100000,0,0
12/8/2014,112.4,107.6177,,0,0,0,0,0,100000,100000,0,0
12/9/2014,114.12,107.8979,,0,0,0,0,0,100000,100000,0,0
12/10/2014,111.95,108.1219,,0,0,0,0,0,100000,100000,0,0
12/11/2014,111.62,108.3707,,0,0,0,0,0,100000,100000,0,0
12/12/2014,109.73,108.5673,,0,0,0,0,0,100000,100000,0,0
12/15/2014,108.225,108.7394,,0,0,0,0,0,100000,100000,0,0
12/16/2014,106.745,108.8819,,0,0,0,0,0,100000,100000,0,0
12/17/2014,109.41,109.0951,,0,0,0,0,0,100000,100000,0,0
12/18/2014,112.65,109.3321,,0,0,0,0,0,100000,100000,0,0
12/19/2014,111.78,109.5473,,0,0,0,0,0,100000,100000,0,0
12/22/2014,112.94,109.7915,,0,0,0,0,0,100000,100000,0,0
12/23/2014,112.54,110.0461,,0,0,0,0,0,100000,100000,0,0
12/24/2014,112.01,110.3113,,0,0,0,0,0,100000,100000,0,0
12/26/2014,113.99,110.6403,,0,0,0,0,0,100000,100000,0,0
12/29/2014,113.91,110.9933,,0,0,0,0,0,100000,100000,0,0
12/30/2014,112.52,111.2903,,0,0,0,0,0,100000,100000,0,0
12/31/2014,110.38,111.5027,,0,0,0,0,0,100000,100000,0,0
1/2/2015,109.33,111.6399,,0,0,0,0,0,100000,100000,0,0
1/5/2015,106.25,111.7051,,0,0,0,0,0,100000,100000,0,0
1/6/2015,106.26,111.7337,,0,0,0,0,0,100000,100000,0,0
1/7/2015,107.75,111.7843,,0,0,0,0,0,100000,100000,0,0
1/8/2015,111.89,111.9199,,0,0,0,0,0,100000,100000,0,0
1/9/2015,112.01,112.0253,,0,0,0,0,0,100000,100000,0,0
1/12/2015,109.25,112.0635,,0,0,0,0,0,100000,100000,0,0
1/13/2015,110.22,112.1283,,0,0,0,0,0,100000,100000,0,0
1/14/2015,109.8,112.1643,,0,0,0,0,0,100000,100000,0,0
1/15/2015,106.82,112.1127,,0,0,0,0,0,100000,100000,0,0
1/16/2015,105.99,112.0605,,0,0,0,0,0,100000,100000,0,0
1/20/2015,108.72,112.0577,,0,0,0,0,0,100000,100000,0,0
1/21/2015,109.55,112.0747,,0,0,0,0,0,100000,100000,0,0
1/22/2015,112.4,112.1425,,0,0,0,0,0,100000,100000,0,0
1/23/2015,112.98,112.2255,,0,0,0,0,0,100000,100000,0,0
1/26/2015,113.1,112.2935,,0,0,0,0,0,100000,100000,0,0
1/27/2015,109.14,112.2513,,0,0,0,0,0,100000,100000,0,0
1/28/2015,115.31,112.3011,,0,0,0,0,0,100000,100000,0,0
1/29/2015,118.9,112.3955,,0,0,0,0,0,100000,100000,0,0
1/30/2015,117.16,112.4589,,0,0,0,0,0,100000,100000,0,0
2/2/2015,118.63,112.5221,,0,0,0,0,0,100000,100000,0,0
2/3/2015,118.65,112.6017,,0,0,0,0,0,100000,100000,0,0
2/4/2015,119.56,112.6667,,0,0,0,0,0,100000,100000,0,0
2/5/2015,119.94,112.7361,,0,0,0,0,0,100000,100000,0,0
2/6/2015,118.93,112.7422,,0,0,0,0,0,100000,100000,0,0
2/9/2015,119.72,112.7846,,0,0,0,0,0,100000,100000,0,0
2/10/2015,122.02,112.845,,0,0,0,0,0,100000,100000,0,0
2/11/2015,124.88,112.964,,0,0,0,0,0,100000,100000,0,0
2/12/2015,126.46,113.1918,109.71095,1,1,500,500,63230,36770,100000,0,0
2/13/2015,127.08,113.4408,109.97115,1,0,500,0,63540,36770,100310,0.0031,0.0031
2/17/2015,127.83,113.6788,110.22305,1,0,500,0,63915,36770,100685,0.003738411,0.00685
2/18/2015,128.715,113.9433,110.4927,1,0,500,0,64357.5,36770,101127.5,0.004394895,0.011275
2/19/2015,128.45,114.2123,110.7985,1,0,500,0,64225,36770,100995,-0.001310227,0.00995
2/20/2015,129.495,114.5542,111.08595,1,0,500,0,64747.5,36770,101517.5,0.005173523,0.015175
2/23/2015,133,114.9318,111.41485,1,0,500,0,66500,36770,103270,0.017263033,0.0327
2/24/2015,132.17,115.3362,111.72905,1,0,500,0,66085,36770,102855,-0.004018592,0.02855
2/25/2015,128.79,115.6796,112.02515,1,0,500,0,64395,36770,101165,-0.016430898,0.01165
2/26/2015,130.415,116.0933,112.3303,1,0,500,0,65207.5,36770,101977.5,0.008031434,0.019775
2/27/2015,128.46,116.498,112.6187,1,0,500,0,64230,36770,101000,-0.009585448,0.01
3/2/2015,129.09,116.9449,112.9134,1,0,500,0,64545,36770,101315,0.003118812,0.01315
3/3/2015,129.36,117.3439,113.2195,1,0,500,0,64680,36770,101450,0.001332478,0.0145
3/4/2015,128.54,117.6617,113.4969,1,0,500,0,64270,36770,101040,-0.0040414,0.0104
3/5/2015,126.41,117.9543,113.7508,1,0,500,0,63205,36770,99975,-0.01054038,-0.00025
3/6/2015,126.6,118.2275,114.0095,1,0,500,0,63300,36770,100070,0.000950238,0.0007
3/9/2015,127.14,118.5195,114.2828,1,0,500,0,63570,36770,100340,0.002698111,0.0034
3/10/2015,124.51,118.7695,114.5404,1,0,500,0,62255,36770,99025,-0.013105442,-0.00975
3/11/2015,122.24,118.9345,114.7874,1,0,500,0,61120,36770,97890,-0.011461752,-0.0211
3/12/2015,124.45,119.1453,115.0693,1,0,500,0,62225,36770,98995,0.011288181,-0.01005
3/13/2015,123.59,119.3667,115.3285,1,0,500,0,61795,36770,98565,-0.004343654,-0.01435
3/16/2015,124.95,119.6581,115.5804,1,0,500,0,62475,36770,99245,0.006899001,-0.00755
3/17/2015,127.04,120.0123,115.8261,1,0,500,0,63520,36770,100290,0.010529498,0.0029
3/18/2015,128.47,120.4567,116.0809,1,0,500,0,64235,36770,101005,0.007129325,0.01005
3/19/2015,127.495,120.8814,116.30755,1,0,500,0,63747.5,36770,100517.5,-0.004826494,0.005175
3/20/2015,125.9,121.2444,116.51435,1,0,500,0,62950,36770,99720,-0.007933942,-0.0028
3/23/2015,127.21,121.5508,116.73535,1,0,500,0,63605,36770,100375,0.006568391,0.00375
3/24/2015,126.69,121.8444,116.93485,1,0,500,0,63345,36770,100115,-0.002590286,0.00115
3/25/2015,123.38,122.127,117.09525,1,0,500,0,61690,36770,98460,-0.016530989,-0.0154
3/26/2015,124.24,122.4074,117.26785,1,0,500,0,62120,36770,98890,0.004367256,-0.0111
3/27/2015,123.25,122.6764,117.42035,1,0,500,0,61625,36770,98395,-0.005005562,-0.01605
3/30/2015,126.37,123.0674,117.59005,1,0,500,0,63185,36770,99955,0.015854464,-0.00045
3/31/2015,124.43,123.4362,117.74835,1,0,500,0,62215,36770,98985,-0.009704367,-0.01015
4/1/2015,124.25,123.7468,117.90225,1,0,500,0,62125,36770,98895,-0.000909229,-0.01105
4/2/2015,125.32,124.0622,118.06845,1,0,500,0,62660,36770,99430,0.005409778,-0.0057
4/6/2015,127.35,124.3612,118.25185,1,0,500,0,63675,36770,100445,0.010208187,0.00445
4/7/2015,126.01,124.6218,118.42365,1,0,500,0,63005,36770,99775,-0.006670317,-0.00225
4/8/2015,125.6,124.8718,118.58265,1,0,500,0,62800,36770,99570,-0.002054623,-0.0043
4/9/2015,126.56,125.2202,118.73575,1,0,500,0,63280,36770,100050,0.004820729,0.0005
4/10/2015,127.1,125.456,118.87855,1,0,500,0,63550,36770,100320,0.002698651,0.0032
4/13/2015,126.85,125.615,119.00525,1,0,500,0,63425,36770,100195,-0.001246013,0.00195
4/14/2015,126.3,125.7978,119.12835,1,0,500,0,63150,36770,99920,-0.002744648,-0.0008
4/15/2015,126.78,125.9608,119.24145,1,0,500,0,63390,36770,100160,0.002401922,0.0016
4/16/2015,126.17,126.1112,119.35645,1,0,500,0,63085,36770,99855,-0.003045128,-0.00145
4/17/2015,124.75,126.215,119.44085,1,0,500,0,62375,36770,99145,-0.00711031,-0.00855
4/20/2015,127.6,126.3682,119.55215,1,0,500,0,63800,36770,100570,0.014372888,0.0057
4/21/2015,126.91,126.5278,119.635,1,0,500,0,63455,36770,100225,-0.003430446,0.00225
4/22/2015,128.62,126.7058,119.7452,1,0,500,0,64310,36770,101080,0.008530806,0.0108
4/23/2015,129.67,126.8588,119.8519,1,0,500,0,64835,36770,101605,0.005193906,0.01605
4/24/2015,130.28,126.9668,119.9654,1,0,500,0,65140,36770,101910,0.003001821,0.0191
4/27/2015,132.65,127.0906,120.1412,1,0,500,0,66325,36770,103095,0.011627907,0.03095
4/28/2015,130.56,127.1602,120.3005,1,0,500,0,65280,36770,102050,-0.010136282,0.0205
4/29/2015,128.64,127.1764,120.4276,1,0,500,0,64320,36770,101090,-0.009407153,0.0109
4/30/2015,125.15,127.1051,120.5242,1,0,500,0,62575,36770,99345,-0.017261846,-0.00655
5/1/2015,128.95,127.1151,120.6637,1,0,500,0,64475,36770,101245,0.019125271,0.01245
5/4/2015,128.7,127.0992,120.8267,1,0,500,0,64350,36770,101120,-0.001234629,0.0112
5/5/2015,125.8,126.9552,120.9435,1,0,500,0,62900,36770,99670,-0.014339399,-0.0033
5/6/2015,125.01,126.812,121.0741,1,0,500,0,62505,36770,99275,-0.003963078,-0.00725
5/7/2015,125.26,126.7414,121.2105,1,0,500,0,62630,36770,99400,0.001259129,-0.006
5/8/2015,127.62,126.6855,121.3894,1,0,500,0,63810,36770,100580,0.011871227,0.0058
5/11/2015,126.32,126.6427,121.57035,1,0,500,0,63160,36770,99930,-0.006462517,-0.0007
5/12/2015,125.865,126.5782,121.76155,1,0,500,0,62932.5,36770,99702.5,-0.002276594,-0.002975
5/13/2015,126.01,126.5112,121.92755,1,0,500,0,63005,36770,99775,0.000727163,-0.00225
5/14/2015,128.95,126.5194,122.09055,1,0,500,0,64475,36770,101245,0.01473315,0.01245
5/15/2015,128.77,126.5666,122.26045,1,0,500,0,64385,36770,101155,-0.000888933,0.01155
5/18/2015,130.19,126.6384,122.43295,1,0,500,0,65095,36770,101865,0.007018931,0.01865
5/19/2015,130.07,126.697,122.60825,1,0,500,0,65035,36770,101805,-0.000589015,0.01805
5/20/2015,130.06,126.808,122.78875,1,0,500,0,65030,36770,101800,-4.91E-05,0.018
5/21/2015,131.39,126.991,122.96275,1,0,500,0,65695,36770,102465,0.006532417,0.02465
5/22/2015,132.54,127.1528,123.14905,1,0,500,0,66270,36770,103040,0.005611672,0.0304
5/26/2015,129.62,127.2734,123.32005,1,0,500,0,64810,36770,101580,-0.014169255,0.0158
5/27/2015,132.045,127.4153,123.5367,1,0,500,0,66022.5,36770,102792.5,0.011936405,0.027925
5/28/2015,131.78,127.5101,123.7612,1,0,500,0,65890,36770,102660,-0.001289005,0.0266
5/29/2015,130.28,127.5463,124.0015,1,0,500,0,65140,36770,101910,-0.007305669,0.0191
6/1/2015,130.535,127.6071,124.24425,1,0,500,0,65267.5,36770,102037.5,0.001251104,0.020375
6/2/2015,129.96,127.6883,124.46635,1,0,500,0,64980,36770,101750,-0.002817592,0.0175
6/3/2015,130.12,127.7465,124.64865,1,0,500,0,65060,36770,101830,0.000786241,0.0183
6/4/2015,129.36,127.7999,124.82215,1,0,500,0,64680,36770,101450,-0.00373171,0.0145
6/5/2015,128.65,127.9053,125.01615,1,0,500,0,64325,36770,101095,-0.003499261,0.01095
6/8/2015,127.8,127.9765,125.19195,1,0,500,0,63900,36770,100670,-0.004203967,0.0067
6/9/2015,127.42,128.0599,125.36815,1,0,500,0,63710,36770,100480,-0.001887355,0.0048
6/10/2015,128.88,128.1101,125.58875,1,0,500,0,64440,36770,101210,0.007265127,0.0121
6/11/2015,128.59,128.1933,125.81475,1,0,500,0,64295,36770,101065,-0.001432665,0.01065
6/12/2015,127.17,128.2517,125.99925,1,0,500,0,63585,36770,100355,-0.007025182,0.00355
6/15/2015,126.92,128.2837,126.17295,1,0,500,0,63460,36770,100230,-0.001245578,0.0023
6/16/2015,127.6,128.2887,126.32495,1,0,500,0,63800,36770,100570,0.003392198,0.0057
6/17/2015,127.3,128.3145,126.46815,1,0,500,0,63650,36770,100420,-0.001491498,0.0042
6/18/2015,127.88,128.3601,126.61595,1,0,500,0,63940,36770,100710,0.002887871,0.0071
6/19/2015,126.6,128.3609,126.79055,1,0,500,0,63300,36770,100070,-0.00635488,0.0007
6/22/2015,127.61,128.3711,126.91355,1,0,500,0,63805,36770,100575,0.005046467,0.00575
6/23/2015,127.03,128.3747,126.99485,1,0,500,0,63515,36770,100285,-0.00288342,0.00285
6/24/2015,128.11,128.4109,127.10435,1,0,500,0,64055,36770,100825,0.005384654,0.00825
6/25/2015,127.5,128.4253,127.19305,1,0,500,0,63750,36770,100520,-0.003025043,0.0052
6/26/2015,126.75,128.4369,127.27405,1,0,500,0,63375,36770,100145,-0.003730601,0.00145
6/29/2015,124.53,128.4325,127.32375,1,0,500,0,62265,36770,99035,-0.011083928,-0.00965
6/30/2015,125.425,128.389,127.3786,1,0,500,0,62712.5,36770,99482.5,0.004518605,-0.005175
7/1/2015,126.6,128.3828,127.4553,1,0,500,0,63300,36770,100070,0.005905561,0.0007
7/2/2015,126.44,128.3392,127.5225,1,0,500,0,63220,36770,99990,-0.00079944,-1.00E-04
7/6/2015,126,128.2658,127.5623,1,0,500,0,63000,36770,99770,-0.00220022,-0.0023
7/7/2015,125.69,128.174,127.5704,1,0,500,0,62845,36770,99615,-0.001553573,-0.00385
7/8/2015,122.57,127.9724,127.5315,1,0,500,0,61285,36770,98055,-0.015660292,-0.01945
7/9/2015,120.07,127.7626,127.4614,1,0,500,0,60035,36770,96805,-0.012747948,-0.03195
7/10/2015,123.28,127.6554,127.4159,1,0,500,0,61640,36770,98410,0.016579722,-0.0159
7/13/2015,125.66,127.6656,127.38535,1,0,500,0,62830,36770,99600,0.012092267,-0.004
7/14/2015,125.61,127.5988,127.35695,1,0,500,0,62805,36770,99575,-0.000251004,-0.00425
7/15/2015,126.82,127.5612,127.3302,1,0,500,0,63410,36770,100180,0.006075822,0.0018
7/16/2015,128.51,127.6154,127.2853,1,0,500,0,64255,36770,101025,0.008434817,0.01025
7/17/2015,129.62,127.7076,127.2598,1,0,500,0,64810,36770,101580,0.00549369,0.0158
7/20/2015,132.07,127.8438,127.2926,1,0,500,0,66035,36770,102805,0.012059461,0.02805
7/21/2015,130.75,127.9064,127.29595,1,0,500,0,65375,36770,102145,-0.006419921,0.02145
7/22/2015,125.22,127.8844,127.26355,1,0,500,0,62610,36770,99380,-0.027069362,-0.0062
7/23/2015,125.16,127.8703,127.22425,1,0,500,0,62580,36770,99350,-0.000301872,-0.0065
7/24/2015,124.5,127.8401,127.17565,1,0,500,0,62250,36770,99020,-0.00332159,-0.0098
7/27/2015,122.77,127.7165,127.11795,1,0,500,0,61385,36770,98155,-0.008735609,-0.01845
7/28/2015,123.38,127.6087,127.08765,1,0,500,0,61690,36770,98460,0.00310733,-0.0154
7/29/2015,122.99,127.4647,127.05155,1,0,500,0,61495,36770,98265,-0.0019805,-0.01735
7/30/2015,122.37,127.3107,127.00385,1,0,500,0,61185,36770,97955,-0.003154735,-0.02045
7/31/2015,121.3,127.1355,126.97175,1,0,500,0,60650,36770,97420,-0.005461692,-0.0258
8/3/2015,118.44,126.8765,126.93375,0,-1,0,-500,0,95990,95990,-0.014678711,-0.0401
8/4/2015,114.64,126.5185,126.83565,0,0,0,0,0,95990,95990,0,-0.0401
8/5/2015,115.4,126.2341,126.75375,0,0,0,0,0,95990,95990,0,-0.0401
8/6/2015,115.13,125.8958,126.65555,0,0,0,0,0,95990,95990,0,-0.0401
8/7/2015,115.52,125.5706,126.54035,0,0,0,0,0,95990,95990,0,-0.0401
8/10/2015,119.72,125.3594,126.45285,0,0,0,0,0,95990,95990,0,-0.0401
8/11/2015,113.49,125.0185,126.3128,0,0,0,0,0,95990,95990,0,-0.0401
8/12/2015,115.24,124.7241,126.2062,0,0,0,0,0,95990,95990,0,-0.0401
8/13/2015,115.15,124.4247,126.0856,0,0,0,0,0,95990,95990,0,-0.0401
8/14/2015,115.96,124.1567,125.9783,0,0,0,0,0,95990,95990,0,-0.0401
8/17/2015,117.16,123.9269,125.9161,0,0,0,0,0,95990,95990,0,-0.0401
8/18/2015,116.5,123.7009,125.8387,0,0,0,0,0,95990,95990,0,-0.0401
8/19/2015,115.01,123.4527,125.7563,0,0,0,0,0,95990,95990,0,-0.0401
8/20/2015,112.65,123.1281,125.6191,0,0,0,0,0,95990,95990,0,-0.0401
8/21/2015,105.76,122.6715,125.4324,0,0,0,0,0,95990,95990,0,-0.0401
8/24/2015,103.12,122.1905,125.2211,0,0,0,0,0,95990,95990,0,-0.0401
8/25/2015,103.74,121.7269,125.0053,0,0,0,0,0,95990,95990,0,-0.0401
8/26/2015,109.69,121.3687,124.8287,0,0,0,0,0,95990,95990,0,-0.0401
8/27/2015,112.92,121.0811,124.6978,0,0,0,0,0,95990,95990,0,-0.0401
8/28/2015,113.29,120.7893,124.5747,0,0,0,0,0,95990,95990,0,-0.0401
8/31/2015,112.76,120.5125,124.4367,0,0,0,0,0,95990,95990,0,-0.0401
9/1/2015,107.72,120.1147,124.2429,0,0,0,0,0,95990,95990,0,-0.0401
9/2/2015,112.34,119.8209,124.0978,0,0,0,0,0,95990,95990,0,-0.0401
9/3/2015,110.37,119.4661,123.9385,0,0,0,0,0,95990,95990,0,-0.0401
9/4/2015,109.27,119.1015,123.7634,0,0,0,0,0,95990,95990,0,-0.0401
9/8/2015,112.31,118.8127,123.6248,0,0,0,0,0,95990,95990,0,-0.0401
9/9/2015,110.15,118.5251,123.4788,0,0,0,0,0,95990,95990,0,-0.0401
9/10/2015,112.57,118.268,123.3285,0,0,0,0,0,95990,95990,0,-0.0401
9/11/2015,114.21,118.0202,123.2015,0,0,0,0,0,95990,95990,0,-0.0401
9/14/2015,115.31,117.7976,123.0684,0,0,0,0,0,95990,95990,0,-0.0401
9/15/2015,116.28,117.6032,122.9345,0,0,0,0,0,95990,95990,0,-0.0401
9/16/2015,116.41,117.4176,122.7958,0,0,0,0,0,95990,95990,0,-0.0401
9/17/2015,113.92,117.2446,122.6085,0,0,0,0,0,95990,95990,0,-0.0401
9/18/2015,113.45,117.1122,122.4374,0,0,0,0,0,95990,95990,0,-0.0401
9/21/2015,115.21,116.9508,122.3031,0,0,0,0,0,95990,95990,0,-0.0401
9/22/2015,113.4,116.7056,122.1856,0,0,0,0,0,95990,95990,0,-0.0401
9/23/2015,114.32,116.4798,122.0393,0,0,0,0,0,95990,95990,0,-0.0401
9/24/2015,115,116.2434,121.9023,0,0,0,0,0,95990,95990,0,-0.0401
9/25/2015,114.71,115.9674,121.7914,0,0,0,0,0,95990,95990,0,-0.0401
9/28/2015,112.44,115.6238,121.6657,0,0,0,0,0,95990,95990,0,-0.0401
9/29/2015,109.06,115.1636,121.5037,0,0,0,0,0,95990,95990,0,-0.0401
9/30/2015,110.3,114.7546,121.3305,0,0,0,0,0,95990,95990,0,-0.0401
10/1/2015,109.58,114.4418,121.1631,0,0,0,0,0,95990,95990,0,-0.0401
10/2/2015,110.38,114.1462,121.00825,0,0,0,0,0,95990,95990,0,-0.0401
10/5/2015,110.78,113.8718,120.85595,0,0,0,0,0,95990,95990,0,-0.0401
10/6/2015,111.31,113.6426,120.67955,0,0,0,0,0,95990,95990,0,-0.0401
10/7/2015,110.78,113.3906,120.49965,0,0,0,0,0,95990,95990,0,-0.0401
10/8/2015,109.5,113.1208,120.29275,0,0,0,0,0,95990,95990,0,-0.0401
10/9/2015,112.12,112.9158,120.11325,0,0,0,0,0,95990,95990,0,-0.0401
10/12/2015,111.6,112.7218,119.92865,0,0,0,0,0,95990,95990,0,-0.0401
10/13/2015,111.79,112.5888,119.73265,0,0,0,0,0,95990,95990,0,-0.0401
10/14/2015,110.21,112.5002,119.50935,0,0,0,0,0,95990,95990,0,-0.0401
10/15/2015,111.86,112.4294,119.33175,0,0,0,0,0,95990,95990,0,-0.0401
10/16/2015,111.04,112.3476,119.1217,0,0,0,0,0,95990,95990,0,-0.0401
10/19/2015,111.73,112.2718,118.9212,0,0,0,0,0,95990,95990,0,-0.0401
10/20/2015,113.77,112.1528,118.7561,0,0,0,0,0,95990,95990,0,-0.0401
10/21/2015,113.76,112.1582,118.58835,0,0,0,0,0,95990,95990,0,-0.0401
10/22/2015,115.5,112.1634,118.44375,0,0,0,0,0,95990,95990,0,-0.0401
10/23/2015,119.08,112.242,118.33335,0,0,0,0,0,95990,95990,0,-0.0401
10/26/2015,115.28,112.2284,118.19255,0,0,0,0,0,95990,95990,0,-0.0401
10/27/2015,114.55,112.1762,118.05155,0,0,0,0,0,95990,95990,0,-0.0401
10/28/2015,119.27,112.2316,117.96625,0,0,0,0,0,95990,95990,0,-0.0401
10/29/2015,120.53,112.342,117.89735,0,0,0,0,0,95990,95990,0,-0.0401
10/30/2015,119.5,112.479,117.80355,0,0,0,0,0,95990,95990,0,-0.0401
11/2/2015,121.18,112.7874,117.72945,0,0,0,0,0,95990,95990,0,-0.0401
11/3/2015,122.57,113.1764,117.68345,0,0,0,0,0,95990,95990,0,-0.0401
11/4/2015,122,113.5416,117.63425,0,0,0,0,0,95990,95990,0,-0.0401
11/5/2015,120.92,113.7662,117.56745,0,0,0,0,0,95990,95990,0,-0.0401
11/6/2015,121.06,113.929,117.50505,0,0,0,0,0,95990,95990,0,-0.0401
11/9/2015,120.57,114.0746,117.43195,0,0,0,0,0,95990,95990,0,-0.0401
11/10/2015,116.77,114.1548,117.33365,0,0,0,0,0,95990,95990,0,-0.0401
11/11/2015,116.11,114.3226,117.21865,0,0,0,0,0,95990,95990,0,-0.0401
11/12/2015,115.72,114.3902,117.10555,0,0,0,0,0,95990,95990,0,-0.0401
11/13/2015,112.34,114.4296,116.94785,0,0,0,0,0,95990,95990,0,-0.0401
11/16/2015,114.175,114.5277,116.8146,0,0,0,0,0,95990,95990,0,-0.0401
11/17/2015,113.69,114.5553,116.684,0,0,0,0,0,95990,95990,0,-0.0401
11/18/2015,117.29,114.6981,116.6116,0,0,0,0,0,95990,95990,0,-0.0401
11/19/2015,118.78,114.8223,116.54515,0,0,0,0,0,95990,95990,0,-0.0401
11/20/2015,119.3,114.9241,116.47215,0,0,0,0,0,95990,95990,0,-0.0401
11/23/2015,117.75,114.9729,116.38525,0,0,0,0,0,95990,95990,0,-0.0401
11/24/2015,118.88,115.0249,116.31405,0,0,0,0,0,95990,95990,0,-0.0401
11/25/2015,118.03,115.0573,116.23745,0,0,0,0,0,95990,95990,0,-0.0401
11/27/2015,117.81,115.1351,116.18985,0,0,0,0,0,95990,95990,0,-0.0401
11/30/2015,118.3,115.2321,116.17215,0,0,0,0,0,95990,95990,0,-0.0401
12/1/2015,117.34,115.2747,116.11275,0,0,0,0,0,95990,95990,0,-0.0401
12/2/2015,116.28,115.3323,116.01895,0,0,0,0,0,95990,95990,0,-0.0401
12/3/2015,115.2,115.3499,115.91485,0,0,0,0,0,95990,95990,0,-0.0401
12/4/2015,119.03,115.4305,115.83695,0,0,0,0,0,95990,95990,0,-0.0401
12/7/2015,118.28,115.5019,115.73465,0,0,0,0,0,95990,95990,0,-0.0401
12/8/2015,118.23,115.6177,115.62075,0,0,0,0,0,95990,95990,0,-0.0401
12/9/2015,115.62,115.7489,115.45625,1,1,500,500,57810,38180,95990,0,-0.0401
12/10/2015,116.17,115.8663,115.31045,1,0,500,0,58085,38180,96265,0.002864882,-0.03735
12/11/2015,113.18,115.9383,115.19005,1,0,500,0,56590,38180,94770,-0.015530047,-0.0523
12/14/2015,112.48,115.9803,115.06325,1,0,500,0,56240,38180,94420,-0.003693152,-0.0558
12/15/2015,110.49,115.9745,114.92315,1,0,500,0,55245,38180,93425,-0.010538022,-0.06575
12/16/2015,111.34,115.9751,114.80885,1,0,500,0,55670,38180,93850,0.004549104,-0.0615
12/17/2015,108.98,115.9391,114.66485,1,0,500,0,54490,38180,92670,-0.012573255,-0.0733
12/18/2015,106.03,115.8697,114.49525,1,0,500,0,53015,38180,91195,-0.015916694,-0.08805
12/21/2015,107.33,115.7739,114.34485,1,0,500,0,53665,38180,91845,0.007127584,-0.08155
12/22/2015,107.23,115.6865,114.20415,1,0,500,0,53615,38180,91795,-0.000544395,-0.08205
12/23/2015,108.61,115.6229,114.10585,1,0,500,0,54305,38180,92485,0.007516749,-0.07515
12/24/2015,108.03,115.5793,114.03975,1,0,500,0,54015,38180,92195,-0.003135644,-0.07805
12/28/2015,106.82,115.4785,113.95395,1,0,500,0,53410,38180,91590,-0.006562178,-0.0841
12/29/2015,108.74,115.4325,113.89005,1,0,500,0,54370,38180,92550,0.010481494,-0.0745
12/30/2015,107.32,115.3443,113.80805,1,0,500,0,53660,38180,91840,-0.007671529,-0.0816
12/31/2015,105.26,115.1741,113.66345,1,0,500,0,52630,38180,90810,-0.011215157,-0.0919
1/4/2016,105.35,115.0059,113.58205,1,0,500,0,52675,38180,90855,0.00049554,-0.09145
1/5/2016,102.71,114.7501,113.45675,1,0,500,0,51355,38180,89535,-0.014528645,-0.10465
1/6/2016,100.7,114.3825,113.31225,1,0,500,0,50350,38180,88530,-0.011224661,-0.1147
1/7/2016,96.45,114.0059,113.11715,1,0,500,0,48225,38180,86405,-0.024003163,-0.13595
1/8/2016,96.96,113.6541,112.91515,1,0,500,0,48480,38180,86660,0.002951218,-0.1334
1/11/2016,98.53,113.2393,112.73545,1,0,500,0,49265,38180,87445,0.009058389,-0.12555
1/12/2016,99.96,112.8279,112.58495,1,0,500,0,49980,38180,88160,0.008176568,-0.1184
1/13/2016,97.39,112.3857,112.43235,0,-1,0,-500,0,86875,86875,-0.014575771,-0.13125
1/14/2016,99.52,111.9525,112.36995,0,0,0,0,0,86875,86875,0,-0.13125
1/15/2016,97.13,111.4437,112.31005,0,0,0,0,0,86875,86875,0,-0.13125
1/19/2016,96.66,110.9369,112.23925,0,0,0,0,0,86875,86875,0,-0.13125
1/20/2016,96.79,110.4543,112.11025,0,0,0,0,0,86875,86875,0,-0.13125
1/21/2016,96.3,109.9591,111.94405,0,0,0,0,0,86875,86875,0,-0.13125
1/22/2016,101.42,109.5761,111.82535,0,0,0,0,0,86875,86875,0,-0.13125
1/25/2016,99.44,109.2295,111.69215,0,0,0,0,0,86875,86875,0,-0.13125
1/26/2016,99.99,108.9071,111.61485,0,0,0,0,0,86875,86875,0,-0.13125
1/27/2016,93.42,108.4611,111.42565,0,0,0,0,0,86875,86875,0,-0.13125
1/28/2016,94.09,108.0961,111.26285,0,0,0,0,0,86875,86875,0,-0.13125
1/29/2016,97.34,107.7594,111.14355,0,0,0,0,0,86875,86875,0,-0.13125
2/1/2016,96.43,107.4142,110.98475,0,0,0,0,0,86875,86875,0,-0.13125
2/2/2016,94.48,106.958,110.82805,0,0,0,0,0,86875,86875,0,-0.13125
2/3/2016,96.35,106.5094,110.66585,0,0,0,0,0,86875,86875,0,-0.13125
2/4/2016,96.6,106.0554,110.48975,0,0,0,0,0,86875,86875,0,-0.13125
2/5/2016,94.02,105.5808,110.27685,0,0,0,0,0,86875,86875,0,-0.13125
2/8/2016,95.01,105.1034,110.06415,0,0,0,0,0,86875,86875,0,-0.13125
2/9/2016,94.99,104.6426,109.84995,0,0,0,0,0,86875,86875,0,-0.13125
2/10/2016,94.27,104.1718,109.65345,0,0,0,0,0,86875,86875,0,-0.13125
2/11/2016,93.7,103.6798,109.45595,0,0,0,0,0,86875,86875,0,-0.13125
2/12/2016,93.99,103.2128,109.24375,0,0,0,0,0,86875,86875,0,-0.13125
2/16/2016,96.64,102.82,109.07615,0,0,0,0,0,86875,86875,0,-0.13125
2/17/2016,98.12,102.4784,108.91415,0,0,0,0,0,86875,86875,0,-0.13125
2/18/2016,96.26,102.023,108.72675,0,0,0,0,0,86875,86875,0,-0.13125
2/19/2016,96.04,101.5782,108.54005,0,0,0,0,0,86875,86875,0,-0.13125
2/22/2016,96.88,101.1512,108.38445,0,0,0,0,0,86875,86875,0,-0.13125
2/23/2016,94.69,100.7326,108.24075,0,0,0,0,0,86875,86875,0,-0.13125
2/24/2016,96.1,100.3312,108.09875,0,0,0,0,0,86875,86875,0,-0.13125
2/25/2016,96.76,100.0028,107.97055,0,0,0,0,0,86875,86875,0,-0.13125
2/26/2016,96.91,99.6914,107.83585,0,0,0,0,0,86875,86875,0,-0.13125
2/29/2016,96.69,99.4154,107.69495,0,0,0,0,0,86875,86875,0,-0.13125
3/1/2016,100.53,99.1992,107.58715,0,0,0,0,0,86875,86875,0,-0.13125
3/2/2016,100.75,99.0346,107.48685,0,0,0,0,0,86875,86875,0,-0.13125
3/3/2016,101.5,98.944,107.40685,0,0,0,0,0,86875,86875,0,-0.13125
3/4/2016,103.01,98.8576,107.31575,0,0,0,0,0,86875,86875,0,-0.13125
3/7/2016,101.87,98.7504,107.21845,0,0,0,0,0,86875,86875,0,-0.13125
3/8/2016,101.03,98.5988,107.11085,0,0,0,0,0,86875,86875,0,-0.13125
3/9/2016,101.12,98.4606,107.01995,0,0,0,0,0,86875,86875,0,-0.13125
3/10/2016,101.17,98.3476,106.91305,0,0,0,0,0,86875,86875,0,-0.13125
3/11/2016,102.26,98.218,106.82525,0,0,0,0,0,86875,86875,0,-0.13125
3/14/2016,102.52,98.122,106.73315,0,0,0,0,0,86875,86875,0,-0.13125
3/15/2016,104.58,98.1084,106.64125,0,0,0,0,0,86875,86875,0,-0.13125
3/16/2016,105.97,98.1208,106.56335,0,0,0,0,0,86875,86875,0,-0.13125
3/17/2016,105.8,98.1826,106.46635,0,0,0,0,0,86875,86875,0,-0.13125
3/18/2016,105.92,98.287,106.33475,0,0,0,0,0,86875,86875,0,-0.13125
3/21/2016,105.91,98.4762,106.24105,0,0,0,0,0,86875,86875,0,-0.13125
3/22/2016,106.72,98.6714,106.16275,0,0,0,0,0,86875,86875,0,-0.13125
3/23/2016,106.13,98.8234,106.03135,0,0,0,0,0,86875,86875,0,-0.13125
3/24/2016,105.67,98.9376,105.88275,0,0,0,0,0,86875,86875,0,-0.13125
3/28/2016,105.19,99.0936,105.73965,0,0,0,0,0,86875,86875,0,-0.13125
3/29/2016,107.68,99.2568,105.60465,0,0,0,0,0,86875,86875,0,-0.13125
3/30/2016,109.56,99.5054,105.47455,0,0,0,0,0,86875,86875,0,-0.13125
3/31/2016,108.99,99.752,105.34445,0,0,0,0,0,86875,86875,0,-0.13125
4/1/2016,109.99,100.016,105.23515,0,0,0,0,0,86875,86875,0,-0.13125
4/4/2016,111.12,100.3124,105.13575,0,0,0,0,0,86875,86875,0,-0.13125
4/5/2016,109.81,100.4802,105.02815,0,0,0,0,0,86875,86875,0,-0.13125
4/6/2016,110.96,100.7106,104.97005,0,0,0,0,0,86875,86875,0,-0.13125
4/7/2016,108.54,100.8816,104.89435,0,0,0,0,0,86875,86875,0,-0.13125
4/8/2016,108.66,101.1864,104.82375,0,0,0,0,0,86875,86875,0,-0.13125
4/11/2016,109.02,101.485,104.79055,0,0,0,0,0,86875,86875,0,-0.13125
4/12/2016,110.44,101.747,104.7532,0,0,0,0,0,86875,86875,0,-0.13125
4/13/2016,112.04,102.0592,104.7367,0,0,0,0,0,86875,86875,0,-0.13125
4/14/2016,112.1,102.4116,104.6848,0,0,0,0,0,86875,86875,0,-0.13125
4/15/2016,109.85,102.6816,104.5955,0,0,0,0,0,86875,86875,0,-0.13125
4/18/2016,107.48,102.8992,104.4773,0,0,0,0,0,86875,86875,0,-0.13125
4/19/2016,106.91,103.157,104.3689,0,0,0,0,0,86875,86875,0,-0.13125
4/20/2016,107.13,103.3994,104.2514,0,0,0,0,0,86875,86875,0,-0.13125
4/21/2016,105.97,103.619,104.1308,0,0,0,0,0,86875,86875,0,-0.13125
4/22/2016,105.68,103.8472,104.0095,0,0,0,0,0,86875,86875,0,-0.13125
4/25/2016,105.08,104.0748,103.8773,1,1,500,500,52540,34335,86875,0,-0.13125
4/26/2016,104.35,104.282,103.7474,1,0,500,0,52175,34335,86510,-0.004201439,-0.1349
4/27/2016,97.82,104.3056,103.5628,1,0,500,0,48910,34335,83245,-0.037741302,-0.16755
4/28/2016,94.83,104.2398,103.3591,1,0,500,0,47415,34335,81750,-0.017959037,-0.1825
4/29/2016,93.74,104.1894,103.1062,1,0,500,0,46870,34335,81205,-0.006666667,-0.18795
5/2/2016,93.64,104.1414,102.8598,1,0,500,0,46820,34335,81155,-0.000615726,-0.18845
5/3/2016,95.18,104.1074,102.6293,1,0,500,0,47590,34335,81925,0.009488017,-0.18075
5/4/2016,94.19,104.0974,102.415,1,0,500,0,47095,34335,81430,-0.006042112,-0.1857
5/5/2016,93.24,104.0402,102.1857,1,0,500,0,46620,34335,80955,-0.005833231,-0.19045
5/6/2016,92.72,103.9594,101.9811,1,0,500,0,46360,34335,80695,-0.003211661,-0.19305
5/9/2016,92.79,103.877,101.7842,1,0,500,0,46395,34335,80730,0.000433732,-0.1927
5/10/2016,93.42,103.8116,101.6135,1,0,500,0,46710,34335,81045,0.003901895,-0.18955
5/11/2016,92.51,103.6512,101.4252,1,0,500,0,46255,34335,80590,-0.005614165,-0.1941
5/12/2016,90.34,103.443,101.2388,1,0,500,0,45170,34335,79505,-0.013463209,-0.20495
5/13/2016,90.52,103.2234,101.0837,1,0,500,0,45260,34335,79595,0.001132004,-0.20405
5/16/2016,93.88,103.0408,100.9492,1,0,500,0,46940,34335,81275,0.021106853,-0.18725
5/17/2016,93.49,102.8732,100.8118,1,0,500,0,46745,34335,81080,-0.002399262,-0.1892
5/18/2016,94.56,102.7438,100.6713,1,0,500,0,47280,34335,81615,0.006598421,-0.18385
5/19/2016,94.2,102.6054,100.533,1,0,500,0,47100,34335,81435,-0.002205477,-0.18565
5/20/2016,95.22,102.4864,100.417,1,0,500,0,47610,34335,81945,0.006262663,-0.18055
5/23/2016,96.43,102.3698,100.2939,1,0,500,0,48215,34335,82550,0.007383001,-0.1745
5/24/2016,97.9,102.2774,100.1997,1,0,500,0,48950,34335,83285,0.008903695,-0.16715
5/25/2016,99.62,102.1782,100.1433,1,0,500,0,49810,34335,84145,0.010325989,-0.15855
5/26/2016,100.41,102.067,100.0939,1,0,500,0,50205,34335,84540,0.004694278,-0.1546
5/27/2016,100.35,101.958,100.0703,1,0,500,0,50175,34335,84510,-0.000354862,-0.1549
5/31/2016,99.86,101.8368,100.0619,1,0,500,0,49930,34335,84265,-0.002899065,-0.15735
6/1/2016,98.46,101.6878,100.082,1,0,500,0,49230,34335,83565,-0.008307126,-0.16435
6/2/2016,97.72,101.5078,100.0896,1,0,500,0,48860,34335,83195,-0.004427691,-0.16805
6/3/2016,97.92,101.3436,100.0835,1,0,500,0,48960,34335,83295,0.001201995,-0.16705
6/6/2016,98.63,101.2028,100.0702,1,0,500,0,49315,34335,83650,0.004261961,-0.1635
6/7/2016,99.03,101.0796,100.0866,1,0,500,0,49515,34335,83850,0.002390915,-0.1615
6/8/2016,98.94,100.9048,100.0808,1,0,500,0,49470,34335,83805,-0.000536673,-0.16195
6/9/2016,99.65,100.7066,100.106,1,0,500,0,49825,34335,84160,0.004236024,-0.1584
6/10/2016,98.83,100.5034,100.1277,1,0,500,0,49415,34335,83750,-0.004871673,-0.1625
6/13/2016,97.34,100.2504,100.1332,1,0,500,0,48670,34335,83005,-0.008895522,-0.16995
6/14/2016,97.46,99.9772,100.1448,0,-1,0,-500,0,83065,83065,0.000722848,-0.16935
6/15/2016,97.14,99.7238,100.102,0,0,0,0,0,83065,83065,0,-0.16935
6/16/2016,97.55,99.4556,100.0831,0,0,0,0,0,83065,83065,0,-0.16935
6/17/2016,95.33,99.1914,100.0365,0,0,0,0,0,83065,83065,0,-0.16935
6/20/2016,95.1,98.9202,100.0533,0,0,0,0,0,83065,83065,0,-0.16935
6/21/2016,95.91,98.658,100.0715,0,0,0,0,0,83065,83065,0,-0.16935
6/22/2016,95.55,98.3602,100.0536,0,0,0,0,0,83065,83065,0,-0.16935
6/23/2016,96.1,98.0414,100.0503,0,0,0,0,0,83065,83065,0,-0.16935
6/24/2016,93.4,97.6674,100.0395,0,0,0,0,0,83065,83065,0,-0.16935
6/27/2016,92.04,97.3112,99.9964,0,0,0,0,0,83065,83065,0,-0.16935
6/28/2016,93.59,97.0334,99.9663,0,0,0,0,0,83065,83065,0,-0.16935
6/29/2016,94.4,96.7832,99.9701,0,0,0,0,0,83065,83065,0,-0.16935
6/30/2016,95.6,96.5526,99.976,0,0,0,0,0,83065,83065,0,-0.16935
7/1/2016,95.89,96.351,99.985,0,0,0,0,0,83065,83065,0,-0.16935
7/5/2016,94.99,96.1372,99.9922,0,0,0,0,0,83065,83065,0,-0.16935
7/6/2016,95.53,95.9462,100.0105,0,0,0,0,0,83065,83065,0,-0.16935
7/7/2016,95.94,95.778,100.03,0,0,0,0,0,83065,83065,0,-0.16935
7/8/2016,96.68,95.7552,100.0304,0,0,0,0,0,83065,83065,0,-0.16935
7/11/2016,96.98,95.7982,100.019,0,0,0,0,0,83065,83065,0,-0.16935
7/12/2016,97.42,95.8718,100.0306,0,0,0,0,0,83065,83065,0,-0.16935
7/13/2016,96.87,95.9364,100.0389,0,0,0,0,0,83065,83065,0,-0.16935
7/14/2016,98.79,96.0086,100.058,0,0,0,0,0,83065,83065,0,-0.16935
7/15/2016,98.78,96.1004,100.0989,0,0,0,0,0,83065,83065,0,-0.16935
7/18/2016,99.83,96.2322,100.1362,0,0,0,0,0,83065,83065,0,-0.16935
7/19/2016,99.87,96.3752,100.1673,0,0,0,0,0,83065,83065,0,-0.16935
7/20/2016,99.96,96.5186,100.1978,0,0,0,0,0,83065,83065,0,-0.16935
7/21/2016,99.43,96.6388,100.2252,0,0,0,0,0,83065,83065,0,-0.16935
7/22/2016,98.66,96.7618,100.2065,0,0,0,0,0,83065,83065,0,-0.16935
7/25/2016,97.34,96.9018,100.1724,0,0,0,0,0,83065,83065,0,-0.16935
7/26/2016,96.67,97.0248,100.1241,0,0,0,0,0,83065,83065,0,-0.16935
7/27/2016,102.95,97.2062,100.1235,0,0,0,0,0,83065,83065,0,-0.16935
7/28/2016,104.34,97.4232,100.1482,0,0,0,0,0,83065,83065,0,-0.16935
7/29/2016,104.21,97.6162,100.18,0,0,0,0,0,83065,83065,0,-0.16935
8/1/2016,106.05,97.8532,100.2293,0,0,0,0,0,83065,83065,0,-0.16935
8/2/2016,104.48,98.0384,100.2624,0,0,0,0,0,83065,83065,0,-0.16935
8/3/2016,105.79,98.2256,100.2977,0,0,0,0,0,83065,83065,0,-0.16935
8/4/2016,105.87,98.385,100.3312,0,0,0,0,0,83065,83065,0,-0.16935
8/5/2016,107.48,98.5422,100.3602,0,0,0,0,0,83065,83065,0,-0.16935
8/8/2016,108.37,98.7014,100.3842,0,0,0,0,0,83065,83065,0,-0.16935
8/9/2016,108.81,98.8706,100.4143,0,0,0,0,0,83065,83065,0,-0.16935
8/10/2016,108,99.0334,100.4351,0,0,0,0,0,83065,83065,0,-0.16935
8/11/2016,107.93,99.2228,100.4553,0,0,0,0,0,83065,83065,0,-0.16935
8/12/2016,108.18,99.432,100.4699,0,0,0,0,0,83065,83065,0,-0.16935
8/15/2016,109.48,99.6632,100.5034,0,0,0,0,0,83065,83065,0,-0.16935
8/16/2016,109.38,99.8782,100.5405,0,0,0,0,0,83065,83065,0,-0.16935
8/17/2016,109.22,100.082,100.5808,0,0,0,0,0,83065,83065,0,-0.16935
8/18/2016,109.08,100.2848,100.5948,0,0,0,0,0,83065,83065,0,-0.16935
8/19/2016,109.36,100.479,100.5928,0,0,0,0,0,83065,83065,0,-0.16935
8/22/2016,108.51,100.6726,100.588,1,1,500,500,54255,28810,83065,0,-0.16935
8/23/2016,108.85,100.9028,100.5766,1,0,500,0,54425,28810,83235,0.00204659,-0.16765
8/24/2016,108.03,101.1142,100.5457,1,0,500,0,54015,28810,82825,-0.004925812,-0.17175
8/25/2016,107.57,101.3228,100.5233,1,0,500,0,53785,28810,82595,-0.002776939,-0.17405
8/26/2016,106.94,101.5106,100.4831,1,0,500,0,53470,28810,82280,-0.00381379,-0.1772
8/29/2016,106.82,101.7404,100.4659,1,0,500,0,53410,28810,82220,-0.000729217,-0.1778
8/30/2016,106,101.9584,100.4393,1,0,500,0,53000,28810,81810,-0.004986621,-0.1819
8/31/2016,106.1,102.1622,100.4101,1,0,500,0,53050,28810,81860,0.000611172,-0.1814
9/1/2016,106.73,102.3858,100.373,1,0,500,0,53365,28810,82175,0.003848033,-0.17825
9/2/2016,107.73,102.6184,100.3299,1,0,500,0,53865,28810,82675,0.006084576,-0.17325
9/6/2016,107.7,102.9044,100.2859,1,0,500,0,53850,28810,82660,-0.000181433,-0.1734
9/7/2016,108.36,103.2308,100.271,1,0,500,0,54180,28810,82990,0.003992257,-0.1701
9/8/2016,105.52,103.4694,100.2514,1,0,500,0,52760,28810,81570,-0.017110495,-0.1843
9/9/2016,103.13,103.644,100.2136,1,0,500,0,51565,28810,80375,-0.014649994,-0.19625
9/12/2016,105.44,103.8408,100.1967,1,0,500,0,52720,28810,81530,0.01437014,-0.1847
9/13/2016,107.95,104.082,100.2165,1,0,500,0,53975,28810,82785,0.015393107,-0.17215
9/14/2016,111.77,104.4176,100.2774,1,0,500,0,55885,28810,84695,0.023071813,-0.15305
9/15/2016,115.57,104.8184,100.3823,1,0,500,0,57785,28810,86595,0.022433438,-0.13405
9/16/2016,114.92,105.198,100.488,1,0,500,0,57460,28810,86270,-0.003753104,-0.1373
9/19/2016,113.58,105.536,100.6456,1,0,500,0,56790,28810,85600,-0.007766315,-0.144
9/20/2016,113.57,105.8678,100.833,1,0,500,0,56785,28810,85595,-5.84E-05,-0.14405
9/21/2016,113.55,106.1904,101.0311,1,0,500,0,56775,28810,85585,-0.000116829,-0.14415
9/22/2016,114.62,106.5454,101.2409,1,0,500,0,57310,28810,86120,0.006251095,-0.1388
9/23/2016,112.71,106.8238,101.4162,1,0,500,0,56355,28810,85165,-0.011089178,-0.14835
9/26/2016,112.88,107.1058,101.6031,1,0,500,0,56440,28810,85250,0.000998063,-0.1475
9/27/2016,113.09,107.371,101.8016,1,0,500,0,56545,28810,85355,0.001231672,-0.14645
9/28/2016,113.95,107.6526,102.0139,1,0,500,0,56975,28810,85785,0.005037783,-0.14215
9/29/2016,112.18,107.897,102.2078,1,0,500,0,56090,28810,84900,-0.010316489,-0.151
9/30/2016,113.05,108.1694,102.4041,1,0,500,0,56525,28810,85335,0.005123675,-0.14665
10/3/2016,112.52,108.4466,102.6042,1,0,500,0,56260,28810,85070,-0.003105408,-0.1493
10/4/2016,113,108.7598,102.8308,1,0,500,0,56500,28810,85310,0.002821206,-0.1469
10/5/2016,113.05,109.0874,103.0561,1,0,500,0,56525,28810,85335,0.000293049,-0.14665
10/6/2016,113.89,109.3062,103.2562,1,0,500,0,56945,28810,85755,0.004921779,-0.14245
10/7/2016,114.06,109.5006,103.4619,1,0,500,0,57030,28810,85840,0.000991196,-0.1416
10/10/2016,116.05,109.7374,103.6768,1,0,500,0,58025,28810,86835,0.011591333,-0.13165
10/11/2016,116.3,109.9424,103.8978,1,0,500,0,58150,28810,86960,0.001439512,-0.1304
10/12/2016,117.34,110.1996,104.119,1,0,500,0,58670,28810,87480,0.005979761,-0.1252
10/13/2016,116.98,110.4234,104.3245,1,0,500,0,58490,28810,87300,-0.002057613,-0.127
10/14/2016,117.63,110.6586,104.5218,1,0,500,0,58815,28810,87625,0.003722795,-0.12375
10/17/2016,117.55,110.86,104.7011,1,0,500,0,58775,28810,87585,-0.000456491,-0.12415
10/18/2016,117.47,111.042,104.8717,1,0,500,0,58735,28810,87545,-0.000456699,-0.12455
10/19/2016,117.12,111.2082,105.0394,1,0,500,0,58560,28810,87370,-0.001998972,-0.1263
10/20/2016,117.06,111.3894,105.2114,1,0,500,0,58530,28810,87340,-0.000343367,-0.1266
10/21/2016,116.6,111.5628,105.3928,1,0,500,0,58300,28810,87110,-0.002633387,-0.1289
10/24/2016,117.65,111.7522,105.5921,1,0,500,0,58825,28810,87635,0.006026863,-0.12365
10/25/2016,118.25,111.9276,105.7954,1,0,500,0,59125,28810,87935,0.00342329,-0.12065
10/26/2016,115.59,112.0518,105.965,1,0,500,0,57795,28810,86605,-0.015124808,-0.13395
10/27/2016,114.48,112.157,106.1195,1,0,500,0,57240,28810,86050,-0.006408406,-0.1395
10/28/2016,113.72,112.2498,106.2673,1,0,500,0,56860,28810,85670,-0.004416037,-0.1433
10/31/2016,113.54,112.3334,106.4062,1,0,500,0,56770,28810,85580,-0.001050543,-0.1442
11/1/2016,111.49,112.393,106.5328,1,0,500,0,55745,28810,84555,-0.011977097,-0.15445
11/2/2016,111.59,112.4478,106.6753,1,0,500,0,55795,28810,84605,0.000591331,-0.15395
11/3/2016,109.83,112.4838,106.799,1,0,500,0,54915,28810,83725,-0.010401277,-0.16275
11/4/2016,108.84,112.5092,106.916,1,0,500,0,54420,28810,83230,-0.005912213,-0.1677
11/7/2016,110.41,112.5786,107.0446,1,0,500,0,55205,28810,84015,0.009431695,-0.15985
11/8/2016,111.06,112.6634,107.2019,1,0,500,0,55530,28810,84340,0.003868357,-0.1566
11/9/2016,110.88,112.761,107.3597,1,0,500,0,55440,28810,84250,-0.001067109,-0.1575
11/10/2016,107.79,112.7948,107.4785,1,0,500,0,53895,28810,82705,-0.018338279,-0.17295
11/11/2016,108.43,112.8288,107.6073,1,0,500,0,54215,28810,83025,0.003869174,-0.16975
11/14/2016,105.71,112.7884,107.7034,1,0,500,0,52855,28810,81665,-0.016380608,-0.18335
11/15/2016,107.11,112.7766,107.8405,1,0,500,0,53555,28810,82365,0.008571604,-0.17635
11/16/2016,109.99,112.8092,108.02,1,0,500,0,54995,28810,83805,0.017483154,-0.16195
11/17/2016,109.95,112.8978,108.1836,1,0,500,0,54975,28810,83785,-0.000238649,-0.16215
11/18/2016,110.06,113.0364,108.3402,1,0,500,0,55030,28810,83840,0.000656442,-0.1616
11/21/2016,111.73,113.1622,108.5015,1,0,500,0,55865,28810,84675,0.009959447,-0.15325
11/22/2016,111.8,113.2392,108.6606,1,0,500,0,55900,28810,84710,0.000413345,-0.1529
11/23/2016,111.23,113.2284,108.823,1,0,500,0,55615,28810,84425,-0.00336442,-0.15575
11/25/2016,111.79,113.1528,108.9856,1,0,500,0,55895,28810,84705,0.003316553,-0.15295
11/28/2016,111.57,113.0858,109.1419,1,0,500,0,55785,28810,84595,-0.001298625,-0.15405
11/29/2016,111.46,113.0434,109.2897,1,0,500,0,55730,28810,84540,-0.000650157,-0.1546
11/30/2016,110.52,112.9824,109.4251,1,0,500,0,55260,28810,84070,-0.005559498,-0.1593
12/1/2016,109.49,112.9012,109.5458,1,0,500,0,54745,28810,83555,-0.006125848,-0.16445
12/2/2016,109.9,112.8068,109.6761,1,0,500,0,54950,28810,83760,0.002453474,-0.1624
12/5/2016,109.11,112.7348,109.7793,1,0,500,0,54555,28810,83365,-0.004715855,-0.16635
12/6/2016,109.95,112.6762,109.891,1,0,500,0,54975,28810,83785,0.005038086,-0.16215
12/7/2016,111.03,112.635,110.003,1,0,500,0,55515,28810,84325,0.006445068,-0.15675
12/8/2016,112.12,112.5984,110.1255,1,0,500,0,56060,28810,84870,0.006463089,-0.1513
12/9/2016,113.95,112.6338,110.2654,1,0,500,0,56975,28810,85785,0.010781195,-0.14215
12/12/2016,113.3,112.6388,110.4041,1,0,500,0,56650,28810,85460,-0.003788541,-0.1454
12/13/2016,115.19,112.6922,110.5694,1,0,500,0,57595,28810,86405,0.011057805,-0.13595
12/14/2016,115.19,112.736,110.7479,1,0,500,0,57595,28810,86405,0,-0.13595
12/15/2016,115.82,112.7914,110.9394,1,0,500,0,57910,28810,86720,0.003645622,-0.1328
12/16/2016,115.97,112.833,111.0696,1,0,500,0,57985,28810,86795,0.000864852,-0.13205
12/19/2016,116.64,112.8846,111.1926,1,0,500,0,58320,28810,87130,0.003859669,-0.1287
12/20/2016,116.95,112.9026,111.32,1,0,500,0,58475,28810,87285,0.001778951,-0.12715
12/21/2016,117.06,112.9178,111.4301,1,0,500,0,58530,28810,87340,0.00063012,-0.1266
12/22/2016,116.29,112.8968,111.5482,1,0,500,0,58145,28810,86955,-0.00440806,-0.13045
12/23/2016,116.52,112.8876,111.6555,1,0,500,0,58260,28810,87070,0.001322523,-0.1293
12/27/2016,117.26,112.8802,111.7694,1,0,500,0,58630,28810,87440,0.004249454,-0.1256
12/28/2016,116.76,112.8644,111.8622,1,0,500,0,58380,28810,87190,-0.002859103,-0.1281
12/29/2016,116.73,112.8496,111.9458,1,0,500,0,58365,28810,87175,-0.000172038,-0.12825
12/30/2016,115.82,112.8236,112.0159,1,0,500,0,57910,28810,86720,-0.005219386,-0.1328
1/3/2017,116.15,112.8054,112.0974,1,0,500,0,58075,28810,86885,0.001902675,-0.13115
1/4/2017,116.02,112.7938,112.1783,1,0,500,0,58010,28810,86820,-0.000748115,-0.1318
1/5/2017,116.61,112.773,112.2626,1,0,500,0,58305,28810,87115,0.003397835,-0.12885
1/6/2017,117.91,112.7662,112.3469,1,0,500,0,58955,28810,87765,0.007461402,-0.12235
1/9/2017,118.99,112.8342,112.443,1,0,500,0,59495,28810,88305,0.006152794,-0.11695
1/10/2017,119.11,112.9268,112.5419,1,0,500,0,59555,28810,88365,0.000679463,-0.11635
1/11/2017,119.75,113.0474,112.6486,1,0,500,0,59875,28810,88685,0.003621343,-0.11315
1/12/2017,119.25,113.1616,112.7475,1,0,500,0,59625,28810,88435,-0.002818966,-0.11565
1/13/2017,119.04,113.3126,112.8528,1,0,500,0,59520,28810,88330,-0.001187313,-0.1167
1/17/2017,120,113.4808,112.9643,1,0,500,0,60000,28810,88810,0.005434167,-0.1119
1/18/2017,119.99,113.684,113.0839,1,0,500,0,59995,28810,88805,-5.63E-05,-0.11195
1/19/2017,119.78,113.9028,113.206,1,0,500,0,59890,28810,88700,-0.001182366,-0.113
1/20/2017,120,114.0946,113.3366,1,0,500,0,60000,28810,88810,0.001240135,-0.1119
1/23/2017,120.08,114.275,113.4692,1,0,500,0,60040,28810,88850,0.0004504,-0.1115
1/24/2017,119.97,114.4568,113.6089,1,0,500,0,59985,28810,88795,-0.000619021,-0.11205
1/25/2017,121.88,114.7386,113.7667,1,0,500,0,60940,28810,89750,0.01075511,-0.1025
1/26/2017,121.94,115.0088,113.9188,1,0,500,0,60970,28810,89780,0.000334262,-0.1022
1/27/2017,121.95,115.3336,114.061,1,0,500,0,60975,28810,89785,5.57E-05,-0.10215
1/30/2017,121.63,115.624,114.2003,1,0,500,0,60815,28810,89625,-0.001782035,-0.10375
1/31/2017,121.35,115.8512,114.3302,1,0,500,0,60675,28810,89485,-0.001562064,-0.10515
2/1/2017,128.75,116.2272,114.5625,1,0,500,0,64375,28810,93185,0.041347712,-0.06815
2/2/2017,128.53,116.5966,114.8165,1,0,500,0,64265,28810,93075,-0.001180447,-0.06925
2/3/2017,129.08,116.9436,115.0529,1,0,500,0,64540,28810,93350,0.002954607,-0.0665
2/6/2017,130.29,117.3134,115.2763,1,0,500,0,65145,28810,93955,0.006480986,-0.06045
2/7/2017,131.53,117.7194,115.4739,1,0,500,0,65765,28810,94575,0.006598904,-0.05425
2/8/2017,132.04,118.1244,115.6386,1,0,500,0,66020,28810,94830,0.002696273,-0.0517
2/9/2017,132.42,118.5414,115.8136,1,0,500,0,66210,28810,95020,0.002003585,-0.0498
2/10/2017,132.12,118.9546,115.999,1,0,500,0,66060,28810,94870,-0.001578615,-0.0513
2/13/2017,133.29,119.41,116.1962,1,0,500,0,66645,28810,95455,0.006166333,-0.04545
2/14/2017,135.02,119.9206,116.4109,1,0,500,0,67510,28810,96320,0.009061862,-0.0368
2/15/2017,135.51,120.4328,116.6198,1,0,500,0,67755,28810,96565,0.002543605,-0.03435
2/16/2017,135.345,120.9575,116.84615,1,0,500,0,67672.5,28810,96482.5,-0.000854347,-0.035175
2/17/2017,135.72,121.4729,117.07455,1,0,500,0,67860,28810,96670,0.001943358,-0.0333
2/21/2017,136.7,121.9863,117.31065,1,0,500,0,68350,28810,97160,0.005068791,-0.0284
2/22/2017,137.11,122.4861,117.54225,1,0,500,0,68555,28810,97365,0.002109922,-0.02635
2/23/2017,136.53,122.9377,117.78575,1,0,500,0,68265,28810,97075,-0.002978483,-0.02925
2/24/2017,136.66,123.4049,118.02185,1,0,500,0,68330,28810,97140,0.000669585,-0.0286
2/27/2017,136.93,123.8397,118.26595,1,0,500,0,68465,28810,97275,0.001389747,-0.02725
2/28/2017,136.99,124.2757,118.50585,1,0,500,0,68495,28810,97305,0.000308404,-0.02695
3/1/2017,139.79,124.7551,118.77325,1,0,500,0,69895,28810,98705,0.01438775,-0.01295
3/2/2017,138.96,125.2149,119.02395,1,0,500,0,69480,28810,98290,-0.004204448,-0.0171
3/3/2017,139.78,125.6777,119.28115,1,0,500,0,69890,28810,98700,0.00417133,-0.013
3/6/2017,139.34,126.1255,119.51405,1,0,500,0,69670,28810,98480,-0.002228977,-0.0152
3/7/2017,139.52,126.5747,119.74625,1,0,500,0,69760,28810,98570,0.000913891,-0.0143
3/8/2017,139,127.0289,119.96285,1,0,500,0,69500,28810,98310,-0.002637719,-0.0169
3/9/2017,138.68,127.4721,120.17985,1,0,500,0,69340,28810,98150,-0.001627505,-0.0185
3/10/2017,139.14,127.9097,120.39495,1,0,500,0,69570,28810,98380,0.002343352,-0.0162
3/13/2017,139.2,128.3585,120.61145,1,0,500,0,69600,28810,98410,0.00030494,-0.0159
3/14/2017,138.99,128.8037,120.82665,1,0,500,0,69495,28810,98305,-0.001066965,-0.01695
3/15/2017,140.46,129.2965,121.06005,1,0,500,0,70230,28810,99040,0.007476731,-0.0096
3/16/2017,140.69,129.7873,121.29635,1,0,500,0,70345,28810,99155,0.001161147,-0.00845
3/17/2017,139.99,130.2667,121.53025,1,0,500,0,69995,28810,98805,-0.003529827,-0.01195
3/20/2017,141.46,130.7637,121.76835,1,0,500,0,70730,28810,99540,0.007438895,-0.0046
3/21/2017,139.84,131.2023,121.98425,1,0,500,0,69920,28810,98730,-0.008137432,-0.0127
3/22/2017,141.42,131.6509,122.24255,1,0,500,0,70710,28810,99520,0.008001621,-0.0048
3/23/2017,140.92,132.0871,122.50695,1,0,500,0,70460,28810,99270,-0.002512058,-0.0073
3/24/2017,140.64,132.5049,122.77615,1,0,500,0,70320,28810,99130,-0.001410295,-0.0087
3/27/2017,140.88,132.9375,123.04955,1,0,500,0,70440,28810,99250,0.001210532,-0.0075
3/28/2017,143.8,133.4327,123.37265,1,0,500,0,71900,28810,100710,0.014710327,0.0071
3/29/2017,144.12,133.9151,123.69795,1,0,500,0,72060,28810,100870,0.00158872,0.0087
3/30/2017,143.93,134.3939,124.03895,1,0,500,0,71965,28810,100775,-0.000941806,0.00775
3/31/2017,143.66,134.8715,124.38715,1,0,500,0,71830,28810,100640,-0.001339618,0.0064
4/3/2017,143.7,135.3455,124.72005,1,0,500,0,71850,28810,100660,0.000198728,0.0066
4/4/2017,144.77,135.8393,125.05715,1,0,500,0,72385,28810,101195,0.005314922,0.01195
4/5/2017,144.02,136.3203,125.38855,1,0,500,0,72010,28810,100820,-0.003705717,0.0082
4/6/2017,143.66,136.7559,125.74725,1,0,500,0,71830,28810,100640,-0.00178536,0.0064
4/7/2017,143.34,137.1839,126.09635,1,0,500,0,71670,28810,100480,-0.001589825,0.0048
4/10/2017,143.17,137.6083,126.47095,1,0,500,0,71585,28810,100395,-0.000845939,0.00395
4/11/2017,141.63,138.0083,126.81615,1,0,500,0,70815,28810,99625,-0.007669705,-0.00375
4/12/2017,141.8,138.4173,127.13425,1,0,500,0,70900,28810,99710,0.000853199,-0.0029
4/13/2017,141.05,138.6633,127.44525,1,0,500,0,70525,28810,99335,-0.003760907,-0.00665
4/17/2017,141.83,138.9293,127.76295,1,0,500,0,70915,28810,99725,0.003926109,-0.00275
4/18/2017,141.2,139.1717,128.05765,1,0,500,0,70600,28810,99410,-0.003158686,-0.0059
4/19/2017,140.68,139.3795,128.34645,1,0,500,0,70340,28810,99150,-0.002615431,-0.0085
4/20/2017,142.44,139.5977,128.65855,1,0,500,0,71220,28810,100030,0.008875441,0.0003
4/21/2017,142.27,139.8023,128.96335,1,0,500,0,71135,28810,99945,-0.000849745,-0.00055
4/24/2017,143.64,140.0267,129.28405,1,0,500,0,71820,28810,100630,0.00685377,0.0063
4/25/2017,144.53,140.2749,129.61475,1,0,500,0,72265,28810,101075,0.004422141,0.01075
4/26/2017,143.68,140.4827,129.94635,1,0,500,0,71840,28810,100650,-0.004204798,0.0065
4/27/2017,143.79,140.6581,130.28935,1,0,500,0,71895,28810,100705,0.000546448,0.00705
4/28/2017,143.65,140.8209,130.62685,1,0,500,0,71825,28810,100635,-0.0006951,0.00635
5/1/2017,146.58,141.0456,131.00155,1,0,500,0,73290,28810,102100,0.01455756,0.021
5/2/2017,147.51,141.2814,131.37715,1,0,500,0,73755,28810,102565,0.004554358,0.02565
5/3/2017,147.06,141.4886,131.73745,1,0,500,0,73530,28810,102340,-0.002193731,0.0234
5/4/2017,146.53,141.677,132.08155,1,0,500,0,73265,28810,102075,-0.002589408,0.02075
5/5/2017,148.96,141.9256,132.43165,1,0,500,0,74480,28810,103290,0.011903012,0.0329
5/8/2017,153.01,142.2526,132.82875,1,0,500,0,76505,28810,105315,0.019604996,0.05315
5/9/2017,153.99,142.5938,133.21675,1,0,500,0,76995,28810,105805,0.004652709,0.05805
5/10/2017,153.26,142.9192,133.59745,1,0,500,0,76630,28810,105440,-0.003449742,0.0544
5/11/2017,153.95,143.2024,133.97875,1,0,500,0,76975,28810,105785,0.003272003,0.05785
5/12/2017,156.1,143.5452,134.38005,1,0,500,0,78050,28810,106860,0.010162121,0.0686
5/15/2017,155.7,143.8636,134.77065,1,0,500,0,77850,28810,106660,-0.001871608,0.0666
5/16/2017,155.47,144.1862,135.15585,1,0,500,0,77735,28810,106545,-0.001078192,0.06545
5/17/2017,150.25,144.4008,135.48775,1,0,500,0,75125,28810,103935,-0.024496692,0.03935
5/18/2017,152.54,144.6716,135.85025,1,0,500,0,76270,28810,105080,0.011016501,0.0508
5/19/2017,153.06,144.9592,136.21565,1,0,500,0,76530,28810,105340,0.002474305,0.0534
5/22/2017,153.99,145.2562,136.58295,1,0,500,0,76995,28810,105805,0.004414278,0.05805
5/23/2017,153.8,145.5482,136.95335,1,0,500,0,76900,28810,105710,-0.000897878,0.0571
5/24/2017,153.34,145.8352,137.31945,1,0,500,0,76670,28810,105480,-0.002175764,0.0548
5/25/2017,153.87,146.1034,137.69995,1,0,500,0,76935,28810,105745,0.002512325,0.05745
5/26/2017,153.61,146.3618,138.07455,1,0,500,0,76805,28810,105615,-0.001229373,0.05615
5/30/2017,153.67,146.6354,138.45105,1,0,500,0,76835,28810,105645,0.000284051,0.05645
5/31/2017,152.76,146.8614,138.81255,1,0,500,0,76380,28810,105190,-0.004306877,0.0519
6/1/2017,153.18,147.1282,139.16525,1,0,500,0,76590,28810,105400,0.001996387,0.054
6/2/2017,155.45,147.4088,139.52985,1,0,500,0,77725,28810,106535,0.010768501,0.06535
6/5/2017,153.93,147.669,139.87805,1,0,500,0,76965,28810,105775,-0.007133806,0.05775
6/6/2017,154.45,147.9452,140.22505,1,0,500,0,77225,28810,106035,0.002458048,0.06035
6/7/2017,155.37,148.235,140.58625,1,0,500,0,77685,28810,106495,0.00433819,0.06495
6/8/2017,154.99,148.4588,140.94575,1,0,500,0,77495,28810,106305,-0.001784121,0.06305
6/9/2017,148.98,148.556,141.23555,1,0,500,0,74490,28810,103300,-0.02826772,0.033
6/12/2017,145.42,148.5858,141.48985,1,0,500,0,72710,28810,101520,-0.017231365,0.0152
6/13/2017,146.59,148.6444,141.75795,1,0,500,0,73295,28810,102105,0.005762411,0.02105
6/14/2017,145.16,148.6736,142.00955,1,0,500,0,72580,28810,101390,-0.007002595,0.0139
6/15/2017,144.29,148.664,142.25165,1,0,500,0,72145,28810,100955,-0.004290364,0.00955
6/16/2017,142.27,148.629,142.47465,1,0,500,0,71135,28810,99945,-0.010004457,-0.00055
6/19/2017,146.34,148.6826,142.71925,1,0,500,0,73170,28810,101980,0.020361199,0.0198
6/20/2017,145.01,148.716,142.94995,1,0,500,0,72505,28810,101315,-0.006520886,0.01315
6/21/2017,145.87,148.77,143.18915,1,0,500,0,72935,28810,101745,0.004244189,0.01745
6/22/2017,145.63,148.85,143.42915,1,0,500,0,72815,28810,101625,-0.001179419,0.01625
6/23/2017,146.28,148.9396,143.67845,1,0,500,0,73140,28810,101950,0.003198032,0.0195
6/26/2017,145.82,149.035,143.84915,1,0,500,0,72910,28810,101720,-0.002256008,0.0172
6/27/2017,143.73,149.073,144.00115,1,0,500,0,71865,28810,100675,-0.010273299,0.00675
6/28/2017,145.83,149.1656,144.16865,1,0,500,0,72915,28810,101725,0.0104296,0.01725
6/29/2017,143.68,149.2256,144.30255,1,0,500,0,71840,28810,100650,-0.010567707,0.0065
6/30/2017,144.02,149.2572,144.42745,1,0,500,0,72010,28810,100820,0.001689021,0.0082
7/3/2017,143.5,149.2818,144.54205,1,0,500,0,71750,28810,100560,-0.002578853,0.0056
7/5/2017,144.09,149.2908,144.65875,1,0,500,0,72045,28810,100855,0.002933572,0.00855
7/6/2017,142.73,149.2548,144.76485,1,0,500,0,71365,28810,100175,-0.006742353,0.00175
7/7/2017,144.18,149.2648,144.87375,1,0,500,0,72090,28810,100900,0.007237335,0.009
7/10/2017,145.06,149.2902,144.97415,1,0,500,0,72530,28810,101340,0.004360753,0.0134
7/11/2017,145.53,149.3278,145.07435,1,0,500,0,72765,28810,101575,0.002318926,0.01575
7/12/2017,145.74,149.311,145.1783,1,0,500,0,72870,28810,101680,0.001033719,0.0168
7/13/2017,147.77,149.3162,145.2988,1,0,500,0,73885,28810,102695,0.009982297,0.02695
7/14/2017,149.04,149.3558,145.4222,1,0,500,0,74520,28810,103330,0.006183358,0.0333
7/17/2017,149.56,149.4164,145.5467,1,0,500,0,74780,28810,103590,0.00251621,0.0359
7/18/2017,150.08,149.4388,145.6822,1,0,500,0,75040,28810,103850,0.002509895,0.0385
7/19/2017,151.02,149.399,145.8258,1,0,500,0,75510,28810,104320,0.004525758,0.0432
7/20/2017,150.34,149.326,145.9599,1,0,500,0,75170,28810,103980,-0.003259202,0.0398
7/21/2017,150.27,149.2662,146.0927,1,0,500,0,75135,28810,103945,-0.000336603,0.03945
7/24/2017,152.09,149.229,146.2157,1,0,500,0,76045,28810,104855,0.00875463,0.04855
7/25/2017,152.74,149.1618,146.3535,1,0,500,0,76370,28810,105180,0.003099518,0.0518
7/26/2017,153.46,149.117,146.4903,1,0,500,0,76730,28810,105540,0.003422704,0.0554
7/27/2017,150.56,149.0188,146.6025,1,0,500,0,75280,28810,104090,-0.013738867,0.0409
7/28/2017,149.5,149.0038,146.7023,1,0,500,0,74750,28810,103560,-0.005091748,0.0356
7/31/2017,148.73,148.9276,146.7996,1,0,500,0,74365,28810,103175,-0.003717652,0.03175
8/1/2017,150.05,148.8674,146.9133,1,0,500,0,75025,28810,103835,0.006396898,0.03835
8/2/2017,157.14,148.9304,147.0933,1,0,500,0,78570,28810,107380,0.034140704,0.0738
8/3/2017,155.57,148.9658,147.257,1,0,500,0,77785,28810,106595,-0.007310486,0.06595
8/4/2017,156.39,149.0268,147.431,1,0,500,0,78195,28810,107005,0.003846334,0.07005
8/7/2017,158.81,149.1256,147.6145,1,0,500,0,79405,28810,108215,0.011307883,0.08215
8/8/2017,160.08,149.255,147.8084,1,0,500,0,80040,28810,108850,0.005867948,0.0885
8/9/2017,161.06,149.4028,148.0191,1,0,500,0,80530,28810,109340,0.004501608,0.0934
8/10/2017,155.32,149.454,148.1577,1,0,500,0,77660,28810,106470,-0.026248399,0.0647
8/11/2017,157.48,149.54,148.3341,1,0,500,0,78740,28810,107550,0.010143702,0.0755
8/14/2017,159.85,149.628,148.5184,1,0,500,0,79925,28810,108735,0.011018131,0.08735
8/15/2017,161.6,149.7814,148.7252,1,0,500,0,80800,28810,109610,0.008047087,0.0961
8/16/2017,160.95,149.9114,148.9283,1,0,500,0,80475,28810,109285,-0.002965058,0.09285
8/17/2017,157.86,149.9612,149.0981,1,0,500,0,78930,28810,107740,-0.014137347,0.0774
8/18/2017,157.5,150.0114,149.2351,1,0,500,0,78750,28810,107560,-0.001670689,0.0756
8/21/2017,157.21,150.176,149.366,1,0,500,0,78605,28810,107415,-0.001348085,0.07415
8/22/2017,159.78,150.4632,149.5245,1,0,500,0,79890,28810,108700,0.011962947,0.087
8/23/2017,159.98,150.731,149.6877,1,0,500,0,79990,28810,108800,0.000919963,0.088
8/24/2017,159.27,151.0132,149.8434,1,0,500,0,79635,28810,108445,-0.003262868,0.08445
8/25/2017,159.86,151.3246,149.9943,1,0,500,0,79930,28810,108740,0.002720273,0.0874
8/28/2017,161.47,151.7086,150.1688,1,0,500,0,80735,28810,109545,0.00740298,0.09545
8/29/2017,162.91,152.04,150.3613,1,0,500,0,81455,28810,110265,0.006572641,0.10265
8/30/2017,163.35,152.4068,150.5614,1,0,500,0,81675,28810,110485,0.001995193,0.10485
8/31/2017,164,152.7694,150.7697,1,0,500,0,82000,28810,110810,0.002941576,0.1081
9/1/2017,164.05,153.1378,150.9939,1,0,500,0,82025,28810,110835,0.000225611,0.10835
9/5/2017,162.08,153.4538,151.1967,1,0,500,0,81040,28810,109850,-0.008887084,0.0985
9/6/2017,161.91,153.7756,151.4053,1,0,500,0,80955,28810,109765,-0.000773782,0.09765
9/7/2017,161.26,154.1262,151.5996,1,0,500,0,80630,28810,109440,-0.002960871,0.0944
9/8/2017,158.63,154.3822,151.7739,1,0,500,0,79315,28810,108125,-0.012015716,0.08125
9/11/2017,161.5,154.7386,151.9821,1,0,500,0,80750,28810,109560,0.013271676,0.0956
9/12/2017,160.86,155.0754,152.1663,1,0,500,0,80430,28810,109240,-0.002920774,0.0924
9/13/2017,159.65,155.3984,152.3401,1,0,500,0,79825,28810,108635,-0.005538264,0.08635
9/14/2017,158.28,155.6822,152.4865,1,0,500,0,79140,28810,107950,-0.006305518,0.0795
9/15/2017,159.88,156.0252,152.64,1,0,500,0,79940,28810,108750,0.007410838,0.0875
9/18/2017,158.67,156.315,152.7899,1,0,500,0,79335,28810,108145,-0.005563218,0.08145
9/19/2017,158.73,156.5884,152.9393,1,0,500,0,79365,28810,108175,0.000277405,0.08175
9/20/2017,156.07,156.7992,153.0635,1,0,500,0,78035,28810,106845,-0.012294893,0.06845
9/21/2017,153.39,156.9522,153.1316,1,0,500,0,76695,28810,105505,-0.012541532,0.05505
9/22/2017,151.89,157.0346,153.1754,1,0,500,0,75945,28810,104755,-0.007108668,0.04755
9/25/2017,150.55,157.0648,153.2103,1,0,500,0,75275,28810,104085,-0.006395876,0.04085
9/26/2017,153.14,157.1364,153.2764,1,0,500,0,76570,28810,105380,0.012441754,0.0538
9/27/2017,154.23,157.2194,153.3291,1,0,500,0,77115,28810,105925,0.005171759,0.05925
9/28/2017,153.28,157.2646,153.3318,1,0,500,0,76640,28810,105450,-0.004484305,0.0545
9/29/2017,154.12,157.3402,153.3331,1,0,500,0,77060,28810,105870,0.00398293,0.0587
10/2/2017,153.81,157.411,153.3386,1,0,500,0,76905,28810,105715,-0.00146406,0.05715
10/3/2017,154.48,157.4588,153.3439,1,0,500,0,77240,28810,106050,0.003168898,0.0605
10/4/2017,153.48,157.4736,153.3177,1,0,500,0,76740,28810,105550,-0.004714757,0.0555
10/5/2017,155.39,157.5122,153.3146,1,0,500,0,77695,28810,106505,0.009047845,0.06505
10/6/2017,155.3,157.607,153.3129,1,0,500,0,77650,28810,106460,-0.000422515,0.0646
10/9/2017,155.84,157.7338,153.3688,1,0,500,0,77920,28810,106730,0.002536164,0.0673
10/10/2017,155.9,157.8772,153.4024,1,0,500,0,77950,28810,106760,0.000281083,0.0676
10/11/2017,156.55,158.0072,153.4373,1,0,500,0,78275,28810,107085,0.003044211,0.07085
10/12/2017,156,157.9844,153.4574,1,0,500,0,78000,28810,106810,-0.002568053,0.0681
10/13/2017,156.99,158.0128,153.4893,1,0,500,0,78495,28810,107305,0.004634398,0.07305
10/16/2017,159.88,158.0826,153.5547,1,0,500,0,79940,28810,108750,0.013466288,0.0875
10/17/2017,160.47,158.1158,153.6207,1,0,500,0,80235,28810,109045,0.002712644,0.09045
10/18/2017,159.76,158.1094,153.6822,1,0,500,0,79880,28810,108690,-0.003255537,0.0869
10/19/2017,155.98,158.0078,153.7053,1,0,500,0,77990,28810,106800,-0.017388904,0.068
10/20/2017,156.25,158.0264,153.7402,1,0,500,0,78125,28810,106935,0.001264045,0.06935
10/23/2017,156.17,158.0002,153.7701,1,0,500,0,78085,28810,106895,-0.000374059,0.06895
10/24/2017,157.1,157.9452,153.7866,1,0,500,0,78550,28810,107360,0.004350063,0.0736
10/25/2017,156.41,157.8414,153.8114,1,0,500,0,78205,28810,107015,-0.003213487,0.07015
10/26/2017,157.41,157.7706,153.841,1,0,500,0,78705,28810,107515,0.004672242,0.07515
10/27/2017,163.05,157.8744,153.9178,1,0,500,0,81525,28810,110335,0.026228898,0.10335
10/30/2017,166.72,158.0588,154.0351,1,0,500,0,83360,28810,112170,0.016631169,0.1217
10/31/2017,169.04,158.2954,154.2357,1,0,500,0,84520,28810,113330,0.010341446,0.1333
11/1/2017,166.89,158.4376,154.4504,1,0,500,0,83445,28810,112255,-0.009485573,0.12255
11/2/2017,168.11,158.6002,154.6656,1,0,500,0,84055,28810,112865,0.005434056,0.12865
11/3/2017,172.5,158.8648,154.939,1,0,500,0,86250,28810,115060,0.019448013,0.1506
11/6/2017,174.25,159.1526,155.2386,1,0,500,0,87125,28810,115935,0.007604728,0.15935
11/7/2017,174.81,159.4194,155.564,1,0,500,0,87405,28810,116215,0.002415146,0.16215
11/8/2017,176.24,159.686,155.863,1,0,500,0,88120,28810,116930,0.00615239,0.1693
11/9/2017,175.88,159.9366,156.1717,1,0,500,0,87940,28810,116750,-0.001539383,0.1675
11/10/2017,174.67,160.15,156.4597,1,0,500,0,87335,28810,116145,-0.005182013,0.16145
11/13/2017,173.97,160.3484,156.7431,1,0,500,0,86985,28810,115795,-0.003013475,0.15795
11/14/2017,171.34,160.5336,156.9937,1,0,500,0,85670,28810,114480,-0.011356276,0.1448
11/15/2017,169.08,160.677,157.2263,1,0,500,0,84540,28810,113350,-0.00987072,0.1335
11/16/2017,171.1,160.8738,157.5,1,0,500,0,85550,28810,114360,0.008910454,0.1436
11/17/2017,170.15,161.1042,157.7432,1,0,500,0,85075,28810,113885,-0.00415355,0.13885
11/20/2017,169.98,161.2738,158.0062,1,0,500,0,84990,28810,113800,-0.000746367,0.138
11/21/2017,173.14,161.5194,158.2974,1,0,500,0,86570,28810,115380,0.013884007,0.1538
11/22/2017,174.96,161.8256,158.612,1,0,500,0,87480,28810,116290,0.007886982,0.1629
11/24/2017,174.97,162.1594,158.9208,1,0,500,0,87485,28810,116295,4.30E-05,0.16295
11/27/2017,174.09,162.4436,159.2344,1,0,500,0,87045,28810,115855,-0.003783482,0.15855
11/28/2017,173.07,162.7316,159.5233,1,0,500,0,86535,28810,115345,-0.004402054,0.15345
11/29/2017,169.48,162.9466,159.7675,1,0,500,0,84740,28810,113550,-0.01556201,0.1355
11/30/2017,171.85,163.2622,160.0307,1,0,500,0,85925,28810,114735,0.010435931,0.14735
12/1/2017,171.05,163.6154,160.2838,1,0,500,0,85525,28810,114335,-0.003486295,0.14335
12/4/2017,169.8,163.9736,160.5041,1,0,500,0,84900,28810,113710,-0.005466393,0.1371
12/5/2017,169.64,164.3554,160.7101,1,0,500,0,84820,28810,113630,-0.000703544,0.1363
12/6/2017,169.01,164.6728,160.9046,1,0,500,0,84505,28810,113315,-0.002772155,0.13315
12/7/2017,169.32,164.9746,161.097,1,0,500,0,84660,28810,113470,0.001367868,0.1347
12/8/2017,169.37,165.2964,161.2805,1,0,500,0,84685,28810,113495,0.000220323,0.13495
12/11/2017,172.67,165.6674,161.5038,1,0,500,0,86335,28810,115145,0.014538085,0.15145
12/12/2017,171.7,166.0252,161.7181,1,0,500,0,85850,28810,114660,-0.00421208,0.1466
12/13/2017,172.27,166.381,161.9199,1,0,500,0,86135,28810,114945,0.00248561,0.14945
12/14/2017,172.22,166.7558,162.1147,1,0,500,0,86110,28810,114920,-0.000217495,0.1492
12/15/2017,173.97,167.1274,162.3198,1,0,500,0,86985,28810,115795,0.007613992,0.15795
12/18/2017,176.42,167.5498,162.5784,1,0,500,0,88210,28810,117020,0.010579041,0.1702
12/19/2017,174.54,167.9238,162.8288,1,0,500,0,87270,28810,116080,-0.008032815,0.1608
12/20/2017,174.35,168.2928,163.085,1,0,500,0,87175,28810,115985,-0.000818401,0.15985
12/21/2017,175.01,168.662,163.3346,1,0,500,0,87505,28810,116315,0.002845195,0.16315
12/22/2017,175.01,169.0422,163.5133,1,0,500,0,87505,28810,116315,0,0.16315
12/26/2017,170.57,169.3138,163.6633,1,0,500,0,85285,28810,114095,-0.019086102,0.14095
12/27/2017,170.6,169.5282,163.8054,1,0,500,0,85300,28810,114110,0.000131469,0.1411
12/28/2017,171.08,169.7404,163.9281,1,0,500,0,85540,28810,114350,0.002103234,0.1435
12/29/2017,169.23,169.9298,164.0196,1,0,500,0,84615,28810,113425,-0.0080892,0.13425
1/2/2018,172.26,170.2554,164.1316,1,0,500,0,86130,28810,114940,0.013356844,0.1494
1/3/2018,172.23,170.575,164.3007,1,0,500,0,86115,28810,114925,-0.000130503,0.14925
1/4/2018,173.03,170.9122,164.4562,1,0,500,0,86515,28810,115325,0.003480531,0.15325
1/5/2018,175,171.2702,164.6077,1,0,500,0,87500,28810,116310,0.00854108,0.1631
1/8/2018,174.35,171.629,164.7352,1,0,500,0,87175,28810,115985,-0.002794257,0.15985
1/9/2018,174.33,171.9674,164.869,1,0,500,0,87165,28810,115975,-8.62E-05,0.15975
1/10/2018,174.29,172.1922,165.0333,1,0,500,0,87145,28810,115955,-0.000172451,0.15955
1/11/2018,175.28,172.3634,165.2111,1,0,500,0,87640,28810,116450,0.004268897,0.1645
1/12/2018,177.09,172.5244,165.4099,1,0,500,0,88545,28810,117355,0.007771576,0.17355
1/16/2018,176.19,172.7104,165.574,1,0,500,0,88095,28810,116905,-0.003834519,0.16905
1/17/2018,179.1,172.9302,165.7652,1,0,500,0,89550,28810,118360,0.012446003,0.1836
1/18/2018,179.26,173.0654,165.9651,1,0,500,0,89630,28810,118440,0.000675904,0.1844
1/19/2018,178.46,173.1496,166.1511,1,0,500,0,89230,28810,118040,-0.003377237,0.1804
1/22/2018,177,173.1934,166.3064,1,0,500,0,88500,28810,117310,-0.006184344,0.1731
1/23/2018,177.04,173.2094,166.4477,1,0,500,0,88520,28810,117330,0.000170488,0.1733
1/24/2018,174.22,173.1762,166.5564,1,0,500,0,87110,28810,115920,-0.012017387,0.1592
1/25/2018,171.11,173.105,166.6275,1,0,500,0,85555,28810,114365,-0.013414424,0.14365
1/26/2018,171.51,173.0558,166.7021,1,0,500,0,85755,28810,114565,0.001748787,0.14565
1/29/2018,167.96,172.9882,166.7609,1,0,500,0,83980,28810,112790,-0.015493388,0.1279
1/30/2018,166.97,172.946,166.8115,1,0,500,0,83485,28810,112295,-0.004388687,0.12295
1/31/2018,167.43,172.8726,166.8732,1,0,500,0,83715,28810,112525,0.002048177,0.12525
2/1/2018,167.78,172.8252,166.9647,1,0,500,0,83890,28810,112700,0.00155521,0.127
2/2/2018,160.5,172.6356,166.9547,1,0,500,0,80250,28810,109060,-0.032298137,0.0906
2/5/2018,156.49,172.3026,166.911,1,0,500,0,78245,28810,107055,-0.018384376,0.07055
2/6/2018,163.03,172.064,166.9448,1,0,500,0,81515,28810,110325,0.030545047,0.10325
2/7/2018,159.54,171.7554,166.9574,1,0,500,0,79770,28810,108580,-0.015816905,0.0858
2/8/2018,155.15,171.3766,166.9101,1,0,500,0,77575,28810,106385,-0.020215509,0.06385
2/9/2018,156.41,171.0434,166.8875,1,0,500,0,78205,28810,107015,0.005921887,0.07015
2/12/2018,162.71,170.908,166.9273,1,0,500,0,81355,28810,110165,0.029435126,0.10165
2/13/2018,164.34,170.7578,167.01,1,0,500,0,82170,28810,110980,0.007397994,0.1098
2/14/2018,167.37,170.6842,167.1498,1,0,500,0,83685,28810,112495,0.013651108,0.12495
2/15/2018,172.99,170.748,167.3608,1,0,500,0,86495,28810,115305,0.024978888,0.15305
2/16/2018,172.43,170.8038,167.5796,1,0,500,0,86215,28810,115025,-0.002428342,0.15025
2/20/2018,171.85,170.8606,167.7667,1,0,500,0,85925,28810,114735,-0.002521191,0.14735
2/21/2018,171.07,170.8956,167.9351,1,0,500,0,85535,28810,114345,-0.003399137,0.14345
2/22/2018,172.5,170.9582,168.1273,1,0,500,0,86250,28810,115060,0.006253006,0.1506
2/23/2018,175.5,171.0148,168.3411,1,0,500,0,87750,28810,116560,0.013036677,0.1656
2/26/2018,178.97,171.1602,168.5927,1,0,500,0,89485,28810,118295,0.014885038,0.18295
2/27/2018,178.39,171.2826,168.8318,1,0,500,0,89195,28810,118005,-0.002451498,0.18005
2/28/2018,178.12,171.4006,169.0782,1,0,500,0,89060,28810,117870,-0.001144019,0.1787
3/1/2018,175,171.4212,169.2743,1,0,500,0,87500,28810,116310,-0.01323492,0.1631
3/2/2018,176.21,171.417,169.4834,1,0,500,0,88105,28810,116915,0.005201616,0.16915
3/5/2018,176.82,171.4626,169.6932,1,0,500,0,88410,28810,117220,0.002608733,0.1722
3/6/2018,176.67,171.509,169.9009,1,0,500,0,88335,28810,117145,-0.000639823,0.17145
3/7/2018,175.03,171.5094,170.0857,1,0,500,0,87515,28810,116325,-0.006999872,0.16325
3/8/2018,176.94,171.548,170.2951,1,0,500,0,88470,28810,117280,0.008209757,0.1728
3/9/2018,179.98,171.7362,170.525,1,0,500,0,89990,28810,118800,0.012960437,0.188
3/12/2018,181.72,171.9586,170.7434,1,0,500,0,90860,28810,119670,0.007323232,0.1967
3/13/2018,179.97,172.1364,170.9384,1,0,500,0,89985,28810,118795,-0.007311774,0.18795
3/14/2018,178.44,172.3206,171.1252,1,0,500,0,89220,28810,118030,-0.006439665,0.1803
3/15/2018,178.65,172.4484,171.3519,1,0,500,0,89325,28810,118135,0.000889604,0.18135
3/16/2018,178.02,172.5642,171.5696,1,0,500,0,89010,28810,117820,-0.002666441,0.1782
3/19/2018,175.3,172.6096,171.7609,1,0,500,0,87650,28810,116460,-0.011543032,0.1646
3/20/2018,175.24,172.6144,171.9423,1,0,500,0,87620,28810,116430,-0.000257599,0.1643
3/21/2018,171.27,172.5528,172.0909,1,0,500,0,85635,28810,114445,-0.017048871,0.14445
3/22/2018,168.85,172.4432,172.2053,1,0,500,0,84425,28810,113235,-0.010572764,0.13235
3/23/2018,164.94,172.2562,172.2242,1,0,500,0,82470,28810,111280,-0.01726498,0.1128
3/26/2018,172.77,172.206,172.2847,0,-1,0,-500,0,115195,115195,0.035181524,0.15195
3/27/2018,168.34,172.031,172.2777,0,0,0,0,0,115195,115195,0,0.15195
3/28/2018,166.48,171.8368,172.2736,0,0,0,0,0,115195,115195,0,0.15195
3/29/2018,167.78,171.6104,172.2703,0,0,0,0,0,115195,115195,0,0.15195
4/2/2018,166.68,171.3588,172.2121,0,0,0,0,0,115195,115195,0,0.15195
4/3/2018,168.39,171.1574,172.1535,0,0,0,0,0,115195,115195,0,0.15195
4/4/2018,171.61,171.0496,172.1215,0,0,0,0,0,115195,115195,0,0.15195
4/5/2018,172.8,170.9648,172.0871,0,0,0,0,0,115195,115195,0,0.15195
4/6/2018,168.38,170.848,172.0121,0,0,0,0,0,115195,115195,0,0.15195
4/9/2018,170.05,170.8268,171.9659,0,0,0,0,0,115195,115195,0,0.15195
4/10/2018,173.25,170.8616,171.9587,0,0,0,0,0,115195,115195,0,0.15195
4/11/2018,172.44,170.9512,171.9697,0,0,0,0,0,115195,115195,0,0.15195
4/12/2018,174.14,171.0946,172.0203,0,0,0,0,0,115195,115195,0,0.15195
4/13/2018,174.73,171.2406,172.0566,0,0,0,0,0,115195,115195,0,0.15195
4/16/2018,175.82,171.4014,172.1133,0,0,0,0,0,115195,115195,0,0.15195
4/17/2018,178.24,171.7562,172.1959,0,0,0,0,0,115195,115195,0,0.15195
4/18/2018,177.84,172.1832,172.2429,0,0,0,0,0,115195,115195,0,0.15195
4/19/2018,172.8,172.3786,172.2213,1,1,500,500,86400,28795,115195,0,0.15195
4/20/2018,165.72,172.5022,172.1288,1,0,500,0,82860,28795,111655,-0.0307305,0.11655
4/23/2018,165.24,172.704,172.0403,1,0,500,0,82620,28795,111415,-0.002149478,0.11415
4/24/2018,162.94,172.8346,171.939,1,0,500,0,81470,28795,110265,-0.01032177,0.10265
4/25/2018,163.65,172.8534,171.8807,1,0,500,0,81825,28795,110620,0.003219517,0.1062
4/26/2018,164.22,172.851,171.8044,1,0,500,0,82110,28795,110905,0.002576388,0.10905
4/27/2018,162.32,172.75,171.7171,1,0,500,0,81160,28795,109955,-0.00856589,0.09955
4/30/2018,165.26,172.5954,171.6717,1,0,500,0,82630,28795,111425,0.013369106,0.11425
5/1/2018,169.1,172.5288,171.6663,1,0,500,0,84550,28795,113345,0.017231322,0.13345
5/2/2018,176.57,172.6232,171.7419,1,0,500,0,88285,28795,117080,0.03295249,0.1708
5/3/2018,176.89,172.7396,171.8176,1,0,500,0,88445,28795,117240,0.001366587,0.1724
5/4/2018,183.83,172.9662,171.9622,1,0,500,0,91915,28795,120710,0.029597407,0.2071
5/7/2018,185.16,173.1594,172.0871,1,0,500,0,92580,28795,121375,0.005509071,0.21375
5/8/2018,186.05,173.301,172.2306,1,0,500,0,93025,28795,121820,0.003666323,0.2182
5/9/2018,187.36,173.4804,172.3815,1,0,500,0,93680,28795,122475,0.005376785,0.22475
5/10/2018,190.04,173.7188,172.5597,1,0,500,0,95020,28795,123815,0.010941008,0.23815
5/11/2018,188.59,173.9906,172.7059,1,0,500,0,94295,28795,123090,-0.00585551,0.2309
5/14/2018,188.15,174.2294,172.8232,1,0,500,0,94075,28795,122870,-0.00178731,0.2287
5/15/2018,186.44,174.4218,172.9422,1,0,500,0,93220,28795,122015,-0.006958574,0.22015
5/16/2018,188.18,174.652,173.0805,1,0,500,0,94090,28795,122885,0.007130271,0.22885
5/17/2018,186.99,174.8912,173.2003,1,0,500,0,93495,28795,122290,-0.004841925,0.2229
5/18/2018,186.31,175.0786,173.3133,1,0,500,0,93155,28795,121950,-0.002780276,0.2195
5/21/2018,187.63,175.2316,173.4839,1,0,500,0,93815,28795,122610,0.005412054,0.2261
5/22/2018,187.16,175.3404,173.6495,1,0,500,0,93580,28795,122375,-0.001916646,0.22375
5/23/2018,188.36,175.5082,173.8223,1,0,500,0,94180,28795,122975,0.004902962,0.22975
5/24/2018,188.15,175.7024,174.0115,1,0,500,0,94075,28795,122870,-0.000853832,0.2287
5/25/2018,188.58,175.901,174.1747,1,0,500,0,94290,28795,123085,0.001749817,0.23085
5/29/2018,187.9,176.0986,174.3314,1,0,500,0,93950,28795,122745,-0.002762319,0.22745
5/30/2018,187.5,176.3426,174.4761,1,0,500,0,93750,28795,122545,-0.001629394,0.22545
5/31/2018,186.87,176.5752,174.5948,1,0,500,0,93435,28795,122230,-0.002570484,0.2223
6/1/2018,190.24,176.9546,174.7537,1,0,500,0,95120,28795,123915,0.013785486,0.23915
6/4/2018,191.83,177.4142,174.9287,1,0,500,0,95915,28795,124710,0.006415688,0.2471
6/5/2018,193.31,177.9816,175.1189,1,0,500,0,96655,28795,125450,0.005933766,0.2545
6/6/2018,193.98,178.4058,175.3059,1,0,500,0,96990,28795,125785,0.002670387,0.25785
6/7/2018,193.46,178.9082,175.4696,1,0,500,0,96730,28795,125525,-0.002067019,0.25525
6/8/2018,191.7,179.4126,175.6247,1,0,500,0,95850,28795,124645,-0.007010556,0.24645
6/11/2018,191.23,179.8816,175.746,1,0,500,0,95615,28795,124410,-0.001885354,0.2441
6/12/2018,192.28,180.3936,175.8762,1,0,500,0,96140,28795,124935,0.004219918,0.24935
6/13/2018,190.7,180.8398,175.9986,1,0,500,0,95350,28795,124145,-0.006323288,0.24145
6/14/2018,190.8,181.2236,176.1366,1,0,500,0,95400,28795,124195,0.000402755,0.24195
6/15/2018,188.84,181.5444,176.2546,1,0,500,0,94420,28795,123215,-0.007890817,0.23215
6/18/2018,188.74,181.9516,176.3998,1,0,500,0,94370,28795,123165,-0.000405795,0.23165
6/19/2018,185.69,182.2644,176.5456,1,0,500,0,92845,28795,121640,-0.012381764,0.2164
6/20/2018,186.5,182.5294,176.6955,1,0,500,0,93250,28795,122045,0.003329497,0.22045
6/21/2018,185.46,182.7898,176.8705,1,0,500,0,92730,28795,121525,-0.004260724,0.21525
6/22/2018,184.92,183.0054,177.05,1,0,500,0,92460,28795,121255,-0.002221765,0.21255
6/25/2018,182.17,183.1542,177.1974,1,0,500,0,91085,28795,119880,-0.011339739,0.1988
6/26/2018,184.43,183.3264,177.3639,1,0,500,0,92215,28795,121010,0.009426093,0.2101
6/27/2018,184.16,183.4448,177.6005,1,0,500,0,92080,28795,120875,-0.00111561,0.20875
6/28/2018,185.5,183.598,177.8906,1,0,500,0,92750,28795,121545,0.005542916,0.21545
6/29/2018,185.11,183.8442,178.1114,1,0,500,0,92555,28795,121350,-0.001604344,0.2135
7/2/2018,187.18,184.2734,178.3878,1,0,500,0,93590,28795,122385,0.008529048,0.22385
7/3/2018,183.92,184.647,178.6755,1,0,500,0,91960,28795,120755,-0.013318626,0.20755
7/5/2018,185.4,185.0962,178.9654,1,0,500,0,92700,28795,121495,0.006128111,0.21495
7/6/2018,187.97,185.5826,179.218,1,0,500,0,93985,28795,122780,0.010576567,0.2278
7/9/2018,190.58,186.1098,179.4804,1,0,500,0,95290,28795,124085,0.010628767,0.24085
7/10/2018,190.35,186.6704,179.7102,1,0,500,0,95175,28795,123970,-0.000926784,0.2397
7/11/2018,187.88,187.1228,179.8591,1,0,500,0,93940,28795,122735,-0.009962088,0.22735
7/12/2018,191.03,187.5614,180.0451,1,0,500,0,95515,28795,124310,0.012832525,0.2431
7/13/2018,191.33,187.8566,180.2399,1,0,500,0,95665,28795,124460,0.001206661,0.2446
7/16/2018,190.91,188.137,180.4383,1,0,500,0,95455,28795,124250,-0.001687289,0.2425
7/17/2018,191.45,188.2894,180.6278,1,0,500,0,95725,28795,124520,0.002173038,0.2452
7/18/2018,190.4,188.3942,180.7768,1,0,500,0,95200,28795,123995,-0.00421619,0.23995
7/19/2018,191.88,188.5108,180.9059,1,0,500,0,95940,28795,124735,0.005967983,0.24735
7/20/2018,191.44,188.5924,181.0364,1,0,500,0,95720,28795,124515,-0.001763739,0.24515
7/23/2018,191.61,188.6238,181.1713,1,0,500,0,95805,28795,124600,0.000682649,0.246
7/24/2018,193,188.712,181.3513,1,0,500,0,96500,28795,125295,0.005577849,0.25295
7/25/2018,194.82,188.8454,181.5374,1,0,500,0,97410,28795,126205,0.00726286,0.26205
7/26/2018,194.21,189.0008,181.7113,1,0,500,0,97105,28795,125900,-0.002416703,0.259
7/27/2018,190.98,189.0568,181.8544,1,0,500,0,95490,28795,124285,-0.012827641,0.24285
7/30/2018,189.91,189.1152,182.0032,1,0,500,0,94955,28795,123750,-0.004304622,0.2375
7/31/2018,190.29,189.1948,182.1367,1,0,500,0,95145,28795,123940,0.001535354,0.2394
8/1/2018,201.5,189.4722,182.3519,1,0,500,0,100750,28795,129545,0.045223495,0.29545
8/2/2018,207.39,189.8768,182.6086,1,0,500,0,103695,28795,132490,0.022733413,0.3249
8/3/2018,207.99,190.2694,182.8888,1,0,500,0,103995,28795,132790,0.002264322,0.3279
8/6/2018,209.07,190.6878,183.1951,1,0,500,0,104535,28795,133330,0.004066571,0.3333
8/7/2018,207.11,191.0584,183.4797,1,0,500,0,103555,28795,132350,-0.007350184,0.3235
8/8/2018,207.25,191.4454,183.772,1,0,500,0,103625,28795,132420,0.000528901,0.3242
8/9/2018,208.88,191.873,184.1078,1,0,500,0,104440,28795,133235,0.006154659,0.33235
8/10/2018,207.53,192.2862,184.4307,1,0,500,0,103765,28795,132560,-0.005066236,0.3256
8/13/2018,208.87,192.6588,184.8067,1,0,500,0,104435,28795,133230,0.005054315,0.3323
8/14/2018,209.75,193.0172,185.2157,1,0,500,0,104875,28795,133670,0.003302559,0.3367
8/15/2018,210.24,193.3558,185.6687,1,0,500,0,105120,28795,133915,0.001832872,0.33915
8/16/2018,213.32,193.7426,186.0742,1,0,500,0,106660,28795,135455,0.011499832,0.35455
8/17/2018,217.58,194.225,186.5666,1,0,500,0,108790,28795,137585,0.015724779,0.37585
8/20/2018,215.46,194.7002,187.0564,1,0,500,0,107730,28795,136525,-0.007704328,0.36525
8/21/2018,215.04,195.1764,187.529,1,0,500,0,107520,28795,136315,-0.00153818,0.36315
8/22/2018,215.05,195.6318,188.0127,1,0,500,0,107525,28795,136320,3.67E-05,0.3632
8/23/2018,215.49,196.1276,188.4837,1,0,500,0,107745,28795,136540,0.00161385,0.3654
8/24/2018,216.16,196.6348,188.9292,1,0,500,0,108080,28795,136875,0.002453493,0.36875
8/27/2018,217.94,197.2168,189.3806,1,0,500,0,108970,28795,137765,0.006502283,0.37765
8/28/2018,219.7,197.836,189.8938,1,0,500,0,109850,28795,138645,0.006387689,0.38645
8/29/2018,222.98,198.5818,190.4231,1,0,500,0,111490,28795,140285,0.011828771,0.40285
8/30/2018,225.03,199.3524,190.9409,1,0,500,0,112515,28795,141310,0.007306555,0.4131
8/31/2018,227.63,200.1958,191.4928,1,0,500,0,113815,28795,142610,0.009199632,0.4261
9/4/2018,228.36,201.0646,192.035,1,0,500,0,114180,28795,142975,0.002559428,0.42975
9/5/2018,226.87,201.9586,192.5564,1,0,500,0,113435,28795,142230,-0.005210701,0.4223
9/6/2018,223.1,202.732,193.0292,1,0,500,0,111550,28795,140345,-0.013253181,0.40345
9/7/2018,221.3,203.4748,193.4598,1,0,500,0,110650,28795,139445,-0.006412769,0.39445
9/10/2018,218.33,204.1314,193.8647,1,0,500,0,109165,28795,137960,-0.01064936,0.3796
9/11/2018,223.85,204.9062,194.3752,1,0,500,0,111925,28795,140720,0.020005799,0.4072
9/12/2018,221.07,205.584,194.9287,1,0,500,0,110535,28795,139330,-0.009877771,0.3933
9/13/2018,226.41,206.4338,195.5404,1,0,500,0,113205,28795,142000,0.019163138,0.42
9/14/2018,223.84,207.2026,196.1494,1,0,500,0,111920,28795,140715,-0.009049296,0.40715
9/17/2018,217.88,207.8008,196.6917,1,0,500,0,108940,28795,137735,-0.021177557,0.37735
9/18/2018,218.24,208.354,197.2319,1,0,500,0,109120,28795,137915,0.001306857,0.37915
9/19/2018,218.37,208.9144,197.7924,1,0,500,0,109185,28795,137980,0.000471305,0.3798
9/20/2018,220.03,209.5574,198.3401,1,0,500,0,110015,28795,138810,0.006015365,0.3881
9/21/2018,217.66,210.09,198.8257,1,0,500,0,108830,28795,137625,-0.008536849,0.37625
9/24/2018,220.79,210.6792,199.2679,1,0,500,0,110395,28795,139190,0.01137148,0.3919
9/25/2018,222.19,211.3048,199.7209,1,0,500,0,111095,28795,139890,0.005029097,0.3989
9/26/2018,220.42,211.8842,200.0868,1,0,500,0,110210,28795,139005,-0.006326399,0.39005
9/27/2018,224.95,212.5752,200.4847,1,0,500,0,112475,28795,141270,0.016294378,0.4127
9/28/2018,225.74,213.2524,200.8816,1,0,500,0,112870,28795,141665,0.002796064,0.41665
10/1/2018,227.26,213.9688,201.2806,1,0,500,0,113630,28795,142425,0.005364769,0.42425
10/2/2018,229.28,214.7222,201.673,1,0,500,0,114640,28795,143435,0.007091452,0.43435
10/3/2018,232.07,215.5036,202.1078,1,0,500,0,116035,28795,144830,0.00972566,0.4483
10/4/2018,227.99,216.167,202.5062,1,0,500,0,113995,28795,142790,-0.01408548,0.4279
10/5/2018,224.29,216.7686,202.8847,1,0,500,0,112145,28795,140940,-0.012956089,0.4094
10/8/2018,223.77,217.4244,203.2406,1,0,500,0,111885,28795,140680,-0.001844757,0.4068
10/9/2018,226.87,218.1636,203.6394,1,0,500,0,113435,28795,142230,0.011017913,0.4223
10/10/2018,216.36,218.685,203.9399,1,0,500,0,108180,28795,136975,-0.036947198,0.36975
10/11/2018,214.45,218.944,204.2081,1,0,500,0,107225,28795,136020,-0.006972075,0.3602
10/12/2018,222.11,219.2384,204.5576,1,0,500,0,111055,28795,139850,0.028157624,0.3985
10/15/2018,217.36,219.4258,204.8476,1,0,500,0,108680,28795,137475,-0.016982481,0.37475
10/16/2018,222.15,219.6874,205.1876,1,0,500,0,111075,28795,139870,0.017421349,0.3987
10/17/2018,221.19,219.969,205.5137,1,0,500,0,110595,28795,139390,-0.003431758,0.3939
10/18/2018,216.02,220.1444,205.7949,1,0,500,0,108010,28795,136805,-0.018545089,0.36805
10/19/2018,219.31,220.353,206.113,1,0,500,0,109655,28795,138450,0.012024414,0.3845
10/22/2018,220.65,220.6154,206.4508,1,0,500,0,110325,28795,139120,0.004839292,0.3912
10/23/2018,222.73,220.8926,206.7757,1,0,500,0,111365,28795,140160,0.007475561,0.4016
10/24/2018,215.09,220.9994,207.0083,1,0,500,0,107545,28795,136340,-0.027254566,0.3634
10/25/2018,219.8,221.1906,207.2732,1,0,500,0,109900,28795,138695,0.017272994,0.38695
10/26/2018,216.3,221.2502,207.4964,1,0,500,0,108150,28795,136945,-0.012617614,0.36945
10/29/2018,212.24,221.1434,207.6842,1,0,500,0,106120,28795,134915,-0.014823469,0.34915
10/30/2018,213.3,221.1002,207.9002,1,0,500,0,106650,28795,135445,0.003928399,0.35445
10/31/2018,218.86,221.1766,208.1765,1,0,500,0,109430,28795,138225,0.020524936,0.38225
11/1/2018,222.22,221.32,208.4759,1,0,500,0,111110,28795,139905,0.012154097,0.39905
11/2/2018,207.48,221.1598,208.6437,1,0,500,0,103740,28795,132535,-0.052678603,0.32535
11/5/2018,201.59,220.8684,208.7516,1,0,500,0,100795,28795,129590,-0.022220546,0.2959
11/6/2018,203.77,220.585,208.9009,1,0,500,0,101885,28795,130680,0.008411143,0.3068
11/7/2018,209.95,220.39,209.113,1,0,500,0,104975,28795,133770,0.023645546,0.3377
11/8/2018,208.49,220.1002,209.341,1,0,500,0,104245,28795,133040,-0.005457128,0.3304
11/9/2018,204.47,219.689,209.5207,1,0,500,0,102235,28795,131030,-0.015108238,0.3103
11/12/2018,194.17,219.0198,209.6078,1,0,500,0,97085,28795,125880,-0.039303976,0.2588
11/13/2018,192.23,218.2972,209.6809,1,0,500,0,96115,28795,124910,-0.007705752,0.2491
11/14/2018,186.8,217.4958,209.7272,1,0,500,0,93400,28795,122195,-0.02173565,0.22195
11/15/2018,191.41,216.862,209.797,1,0,500,0,95705,28795,124500,0.018863292,0.245
11/16/2018,193.53,216.3066,209.8907,1,0,500,0,96765,28795,125560,0.008514056,0.2556
11/19/2018,185.86,215.6572,209.8943,1,0,500,0,92930,28795,121725,-0.030543167,0.21725
11/20/2018,176.98,214.7198,209.813,1,0,500,0,88490,28795,117285,-0.036475662,0.17285
11/21/2018,176.78,213.834,209.709,1,0,500,0,88390,28795,117185,-0.000852624,0.17185
11/23/2018,172.29,212.7516,209.5927,1,0,500,0,86145,28795,114940,-0.019157742,0.1494
11/26/2018,174.62,211.7672,209.4849,1,0,500,0,87310,28795,116105,0.010135723,0.16105
11/27/2018,174.24,210.8944,209.3476,1,0,500,0,87120,28795,115915,-0.00163645,0.15915
11/28/2018,180.94,210.1484,209.2512,1,0,500,0,90470,28795,119265,0.028900487,0.19265
11/29/2018,179.55,209.372,209.1432,1,0,500,0,89775,28795,118570,-0.005827359,0.1857
11/30/2018,178.58,208.543,209.0502,0,-1,0,-500,0,118085,118085,-0.004090411,0.18085
12/3/2018,184.82,207.8862,208.9881,0,0,0,0,0,118085,118085,0,0.18085
12/4/2018,176.69,207.0042,208.8417,0,0,0,0,0,118085,118085,0,0.18085
12/6/2018,174.72,206.0548,208.6798,0,0,0,0,0,118085,118085,0,0.18085
12/7/2018,168.49,205.0162,208.4502,0,0,0,0,0,118085,118085,0,0.18085
12/10/2018,169.6,203.9092,208.2422,0,0,0,0,0,118085,118085,0,0.18085
12/11/2018,168.63,202.767,208.0097,0,0,0,0,0,118085,118085,0,0.18085
12/12/2018,169.1,201.6038,207.7863,0,0,0,0,0,118085,118085,0,0.18085
12/13/2018,170.95,200.4372,207.5797,0,0,0,0,0,118085,118085,0,0.18085
12/14/2018,165.48,199.1054,207.3045,0,0,0,0,0,118085,118085,0,0.18085
12/17/2018,163.94,197.8244,206.9957,0,0,0,0,0,118085,118085,0,0.18085
12/18/2018,166.07,196.66,206.7143,0,0,0,0,0,118085,118085,0,0.18085
12/19/2018,160.89,195.4024,206.4134,0,0,0,0,0,118085,118085,0,0.18085
12/20/2018,156.83,194.0016,206.0826,0,0,0,0,0,118085,118085,0,0.18085
12/21/2018,150.73,192.689,205.687,0,0,0,0,0,118085,118085,0,0.18085
12/24/2018,146.83,191.3366,205.1403,0,0,0,0,0,118085,118085,0,0.18085
12/26/2018,157.17,190.0378,204.6381,0,0,0,0,0,118085,118085,0,0.18085
12/27/2018,156.15,188.8136,204.1197,0,0,0,0,0,118085,118085,0,0.18085
12/28/2018,156.23,187.4952,203.5913,0,0,0,0,0,118085,118085,0,0.18085
12/31/2018,157.74,186.2262,203.0976,0,0,0,0,0,118085,118085,0,0.18085
1/2/2019,157.92,185.0642,202.6043,0,0,0,0,0,118085,118085,0,0.18085
1/3/2019,142.19,183.5218,201.9374,0,0,0,0,0,118085,118085,0,0.18085
1/4/2019,148.26,182.074,201.3447,0,0,0,0,0,118085,118085,0,0.18085
1/7/2019,147.93,180.578,200.7353,0,0,0,0,0,118085,118085,0,0.18085
1/8/2019,150.75,179.2912,200.1453,0,0,0,0,0,118085,118085,0,0.18085
1/9/2019,153.31,177.9614,199.576,0,0,0,0,0,118085,118085,0,0.18085
1/10/2019,153.8,176.7114,198.9808,0,0,0,0,0,118085,118085,0,0.18085
1/11/2019,152.29,175.5124,198.3279,0,0,0,0,0,118085,118085,0,0.18085
1/14/2019,150,174.2464,197.6733,0,0,0,0,0,118085,118085,0,0.18085
1/15/2019,153.07,172.9306,197.0536,0,0,0,0,0,118085,118085,0,0.18085
1/16/2019,154.94,171.585,196.4525,0,0,0,0,0,118085,118085,0,0.18085
1/17/2019,155.86,170.5526,195.8562,0,0,0,0,0,118085,118085,0,0.18085
1/18/2019,156.82,169.6572,195.2628,0,0,0,0,0,118085,118085,0,0.18085
1/22/2019,153.3,168.6478,194.6164,0,0,0,0,0,118085,118085,0,0.18085
1/23/2019,153.92,167.5272,193.9586,0,0,0,0,0,118085,118085,0,0.18085
1/24/2019,152.7,166.4114,193.2558,0,0,0,0,0,118085,118085,0,0.18085
1/25/2019,157.76,165.4772,192.5831,0,0,0,0,0,118085,118085,0,0.18085
1/28/2019,156.3,164.7198,191.8698,0,0,0,0,0,118085,118085,0,0.18085
1/29/2019,154.68,163.9688,191.133,0,0,0,0,0,118085,118085,0,0.18085
1/30/2019,165.25,163.5378,190.5168,0,0,0,0,0,118085,118085,0,0.18085
1/31/2019,166.44,163.0384,189.9502,0,0,0,0,0,118085,118085,0,0.18085
2/1/2019,166.52,162.4982,189.4024,0,0,0,0,0,118085,118085,0,0.18085
2/4/2019,171.25,162.206,188.9316,0,0,0,0,0,118085,118085,0,0.18085
2/5/2019,174.18,162.15,188.4349,0,0,0,0,0,118085,118085,0,0.18085
2/6/2019,174.24,162.0992,187.9666,0,0,0,0,0,118085,118085,0,0.18085
2/7/2019,170.94,162.0722,187.4119,0,0,0,0,0,118085,118085,0,0.18085
2/8/2019,170.41,161.988,186.8776,0,0,0,0,0,118085,118085,0,0.18085
2/11/2019,169.43,161.8918,186.3931,0,0,0,0,0,118085,118085,0,0.18085
2/12/2019,170.89,161.6908,185.9196,0,0,0,0,0,118085,118085,0,0.18085
2/13/2019,170.18,161.5034,185.4377,0,0,0,0,0,118085,118085,0,0.18085
2/14/2019,170.8,161.3478,184.9454,0,0,0,0,0,118085,118085,0,0.18085
2/15/2019,170.42,161.0598,184.473,0,0,0,0,0,118085,118085,0,0.18085
2/19/2019,170.93,160.9446,183.9744,0,0,0,0,0,118085,118085,0,0.18085
2/20/2019,172.03,160.8908,183.4728,0,0,0,0,0,118085,118085,0,0.18085
2/21/2019,171.06,160.9422,182.9792,0,0,0,0,0,118085,118085,0,0.18085
2/22/2019,172.97,161.0096,182.4594,0,0,0,0,0,118085,118085,0,0.18085
2/25/2019,174.23,161.1216,181.9443,0,0,0,0,0,118085,118085,0,0.18085
2/26/2019,174.33,161.2262,181.415,0,0,0,0,0,118085,118085,0,0.18085
2/27/2019,174.87,161.3046,180.8709,0,0,0,0,0,118085,118085,0,0.18085
2/28/2019,173.15,161.458,180.2817,0,0,0,0,0,118085,118085,0,0.18085
3/1/2019,174.97,161.6786,179.7515,0,0,0,0,0,118085,118085,0,0.18085
3/4/2019,175.85,161.8742,179.2671,0,0,0,0,0,118085,118085,0,0.18085
3/5/2019,175.53,162.167,178.7847,0,0,0,0,0,118085,118085,0,0.18085
3/6/2019,174.52,162.5208,178.2612,0,0,0,0,0,118085,118085,0,0.18085
3/7/2019,172.5,162.9562,177.8226,0,0,0,0,0,118085,118085,0,0.18085
3/8/2019,172.91,163.4778,177.4072,0,0,0,0,0,118085,118085,0,0.18085
3/11/2019,178.9,163.9124,176.9751,0,0,0,0,0,118085,118085,0,0.18085
3/12/2019,180.91,164.4076,176.6106,0,0,0,0,0,118085,118085,0,0.18085
3/13/2019,181.71,164.9172,176.2062,0,0,0,0,0,118085,118085,0,0.18085
3/14/2019,183.73,165.437,175.8316,0,0,0,0,0,118085,118085,0,0.18085
3/15/2019,186.12,166.001,175.5326,0,0,0,0,0,118085,118085,0,0.18085
3/18/2019,188.02,166.9176,175.2197,0,0,0,0,0,118085,118085,0,0.18085
3/19/2019,186.53,167.683,174.8785,0,0,0,0,0,118085,118085,0,0.18085
3/20/2019,188.16,168.4876,174.5328,0,0,0,0,0,118085,118085,0,0.18085
3/21/2019,195.09,169.3744,174.3328,0,0,0,0,0,118085,118085,0,0.18085
3/22/2019,191.05,170.1292,174.0453,0,0,0,0,0,118085,118085,0,0.18085
3/25/2019,188.74,170.828,173.7697,0,0,0,0,0,118085,118085,0,0.18085
3/26/2019,186.79,171.518,173.5152,0,0,0,0,0,118085,118085,0,0.18085
3/27/2019,188.47,172.2874,173.2669,0,0,0,0,0,118085,118085,0,0.18085
3/28/2019,188.72,173.0004,172.9655,1,1,500,500,94360,23725,118085,0,0.18085
3/29/2019,189.95,173.7006,172.6428,1,0,500,0,94975,23725,118700,0.005208113,0.187
4/1/2019,191.24,174.4082,172.4804,1,0,500,0,95620,23725,119345,0.005433867,0.19345
4/2/2019,194.02,175.1522,172.4047,1,0,500,0,97010,23725,120735,0.011646906,0.20735
4/3/2019,195.35,175.9932,172.3205,1,0,500,0,97675,23725,121400,0.005507931,0.214
4/4/2019,195.69,176.8286,172.1779,1,0,500,0,97845,23725,121570,0.001400329,0.2157
4/5/2019,197,177.7146,172.063,1,0,500,0,98500,23725,122225,0.005387842,0.22225
4/8/2019,200.1,178.5614,172.0193,1,0,500,0,100050,23725,123775,0.01268153,0.23775
4/9/2019,199.5,179.4254,172.0726,1,0,500,0,99750,23725,123475,-0.002423753,0.23475
4/10/2019,200.62,180.3442,172.1565,1,0,500,0,100310,23725,124035,0.004535331,0.24035
4/11/2019,198.95,181.0182,172.278,1,0,500,0,99475,23725,123200,-0.006731971,0.232
4/12/2019,198.87,181.6668,172.3526,1,0,500,0,99435,23725,123160,-0.000324675,0.2316
4/15/2019,199.23,182.321,172.4096,1,0,500,0,99615,23725,123340,0.001461513,0.2334
4/16/2019,199.25,182.881,172.5435,1,0,500,0,99625,23725,123350,8.11E-05,0.2335
4/17/2019,203.13,183.46,172.805,1,0,500,0,101565,23725,125290,0.015727604,0.2529
4/18/2019,203.86,184.0524,173.0758,1,0,500,0,101930,23725,125655,0.002913241,0.25655
4/22/2019,204.53,184.7242,173.3982,1,0,500,0,102265,23725,125990,0.00266603,0.2599
4/23/2019,207.48,185.4656,173.7268,1,0,500,0,103740,23725,127465,0.011707278,0.27465
4/24/2019,207.16,186.2202,174.056,1,0,500,0,103580,23725,127305,-0.001255247,0.27305
4/25/2019,205.28,186.908,174.2994,1,0,500,0,102640,23725,126365,-0.007383842,0.26365
4/26/2019,204.3,187.5904,174.5469,1,0,500,0,102150,23725,125875,-0.003877656,0.25875
4/29/2019,204.61,188.2666,174.8072,1,0,500,0,102305,23725,126030,0.00123138,0.2603
4/30/2019,200.67,188.8716,174.9657,1,0,500,0,100335,23725,124060,-0.015631199,0.2406
5/1/2019,210.52,189.6634,175.304,1,0,500,0,105260,23725,128985,0.039698533,0.28985
5/2/2019,209.15,190.4058,175.6483,1,0,500,0,104575,23725,128300,-0.005310695,0.283
5/3/2019,211.75,191.2196,176.0809,1,0,500,0,105875,23725,129600,0.010132502,0.296
5/6/2019,208.48,191.9298,176.4697,1,0,500,0,104240,23725,127965,-0.012615741,0.27965
5/7/2019,202.86,192.5024,176.812,1,0,500,0,101430,23725,125155,-0.021959129,0.25155
5/8/2019,202.9,193.0738,177.15,1,0,500,0,101450,23725,125175,0.000159802,0.25175
5/9/2019,200.72,193.5908,177.4477,1,0,500,0,100360,23725,124085,-0.008707809,0.24085
5/10/2019,197.18,194.0714,177.7647,1,0,500,0,98590,23725,122315,-0.014264416,0.22315
5/13/2019,185.72,194.2864,177.9825,1,0,500,0,92860,23725,116585,-0.046846258,0.16585
5/14/2019,188.66,194.5426,178.2084,1,0,500,0,94330,23725,118055,0.012608826,0.18055
5/15/2019,190.92,194.8504,178.5087,1,0,500,0,95460,23725,119185,0.00957181,0.19185
5/16/2019,190.08,195.1616,178.8412,1,0,500,0,95040,23725,118765,-0.003523933,0.18765
5/17/2019,189,195.4916,179.2239,1,0,500,0,94500,23725,118225,-0.004546794,0.18225
5/20/2019,183.09,195.6952,179.5865,1,0,500,0,91545,23725,115270,-0.024994713,0.1527
5/21/2019,186.6,195.8492,179.8808,1,0,500,0,93300,23725,117025,0.015225124,0.17025
5/22/2019,182.78,195.8866,180.1471,1,0,500,0,91390,23725,115115,-0.016321299,0.15115
5/23/2019,179.66,195.8456,180.3814,1,0,500,0,89830,23725,113555,-0.013551666,0.13555
5/24/2019,178.97,195.7504,180.5937,1,0,500,0,89485,23725,113210,-0.003038175,0.1321
5/28/2019,178.23,195.5926,180.7968,1,0,500,0,89115,23725,112840,-0.003268263,0.1284
5/29/2019,177.38,195.3798,181.1487,1,0,500,0,88690,23725,112415,-0.003766395,0.12415
5/30/2019,178.3,195.2152,181.4491,1,0,500,0,89150,23725,112875,0.004091981,0.12875
5/31/2019,175.07,194.9534,181.7205,1,0,500,0,87535,23725,111260,-0.014307863,0.1126
6/3/2019,173.3,194.5176,181.946,1,0,500,0,86650,23725,110375,-0.007954341,0.10375
6/4/2019,179.64,194.2894,182.2093,1,0,500,0,89820,23725,113545,0.028720272,0.13545
6/5/2019,182.54,194.1654,182.4967,1,0,500,0,91270,23725,114995,0.012770267,0.14995
6/6/2019,185.22,194.134,182.826,1,0,500,0,92610,23725,116335,0.011652681,0.16335
6/7/2019,190.15,194.1676,183.2275,1,0,500,0,95075,23725,118800,0.021188808,0.188
6/10/2019,192.58,194.2448,183.6226,1,0,500,0,96290,23725,120015,0.010227273,0.20015
6/11/2019,194.81,194.342,184.0213,1,0,500,0,97405,23725,121130,0.009290505,0.2113
6/12/2019,194.19,194.401,184.4046,1,0,500,0,97095,23725,120820,-0.002559234,0.2082
6/13/2019,194.15,194.4036,184.7779,1,0,500,0,97075,23725,120800,-0.000165536,0.208
6/14/2019,192.74,194.3514,185.1723,1,0,500,0,96370,23725,120095,-0.005836093,0.20095
6/17/2019,193.89,194.3154,185.572,1,0,500,0,96945,23725,120670,0.004787876,0.2067
6/18/2019,198.45,194.3444,186.0295,1,0,500,0,99225,23725,122950,0.018894506,0.2295
6/19/2019,197.87,194.2998,186.4306,1,0,500,0,98935,23725,122660,-0.002358682,0.2266
6/20/2019,199.46,194.299,186.8622,1,0,500,0,99730,23725,123455,0.006481331,0.23455
6/21/2019,198.78,194.2622,187.3032,1,0,500,0,99390,23725,123115,-0.00275404,0.23115
6/24/2019,198.58,194.2548,187.6365,1,0,500,0,99290,23725,123015,-0.000812249,0.23015
6/25/2019,195.57,194.1888,187.9278,1,0,500,0,97785,23725,121510,-0.01223428,0.2151
6/26/2019,199.8,194.2002,188.2606,1,0,500,0,99900,23725,123625,0.017405975,0.23625
6/27/2019,199.74,194.21,188.5455,1,0,500,0,99870,23725,123595,-0.000242669,0.23595
6/28/2019,197.92,194.1058,188.7829,1,0,500,0,98960,23725,122685,-0.007362757,0.22685
7/1/2019,201.55,194.0596,189.056,1,0,500,0,100775,23725,124500,0.014793985,0.245
7/2/2019,202.73,194.0236,189.3739,1,0,500,0,101365,23725,125090,0.004738956,0.2509
7/3/2019,204.41,193.9622,189.7139,1,0,500,0,102205,23725,125930,0.006715165,0.2593
7/5/2019,204.23,193.9036,190.0619,1,0,500,0,102115,23725,125840,-0.000714683,0.2584
7/8/2019,200.02,193.7984,190.3532,1,0,500,0,100010,23725,123735,-0.016727591,0.23735
7/9/2019,201.24,193.7372,190.6638,1,0,500,0,100620,23725,124345,0.00492989,0.24345
7/10/2019,203.23,193.7096,190.9881,1,0,500,0,101615,23725,125340,0.00800193,0.2534
7/11/2019,201.75,193.7312,191.3014,1,0,500,0,100875,23725,124600,-0.005903941,0.246
7/12/2019,203.3,193.5868,191.6251,1,0,500,0,101650,23725,125375,0.006219904,0.25375
7/15/2019,205.21,193.508,191.9569,1,0,500,0,102605,23725,126330,0.007617149,0.2633
7/16/2019,204.5,193.363,192.2913,1,0,500,0,102250,23725,125975,-0.002810101,0.25975
7/17/2019,203.35,193.2604,192.5951,1,0,500,0,101675,23725,125400,-0.004564398,0.254
7/18/2019,205.66,193.3164,192.9094,1,0,500,0,102830,23725,126555,0.009210526,0.26555
7/19/2019,202.59,193.3102,193.192,1,0,500,0,101295,23725,125020,-0.012129114,0.2502
7/22/2019,207.22,193.4402,193.5155,0,-1,0,-500,0,127335,127335,0.018517037,0.27335
7/23/2019,208.84,193.6734,193.8724,0,0,0,0,0,127335,127335,0,0.27335
7/24/2019,208.67,194.1324,194.2094,0,0,0,0,0,127335,127335,0,0.27335
7/25/2019,207.02,194.4996,194.5211,0,0,0,0,0,127335,127335,0,0.27335
7/26/2019,207.74,194.836,194.8432,0,0,0,0,0,127335,127335,0,0.27335
7/29/2019,209.68,195.228,195.1948,1,1,500,500,104840,22495,127335,0,0.27335
7/30/2019,208.78,195.6236,195.5576,1,0,500,0,104390,22495,126885,-0.003533985,0.26885
7/31/2019,213.04,196.2226,195.9589,1,0,500,0,106520,22495,129015,0.016786854,0.29015
8/1/2019,208.43,196.6592,196.2542,1,0,500,0,104215,22495,126710,-0.01786614,0.2671
8/2/2019,204.02,197.084,196.4853,1,0,500,0,102010,22495,124505,-0.017401941,0.24505
8/5/2019,193.34,197.3576,196.6016,1,0,500,0,96670,22495,119165,-0.042889844,0.19165
8/6/2019,197,197.7182,196.7343,1,0,500,0,98500,22495,120995,0.015356858,0.20995
8/7/2019,199.04,198.1344,196.8635,1,0,500,0,99520,22495,122015,0.0084301,0.22015
8/8/2019,203.43,198.6554,197.0176,1,0,500,0,101715,22495,124210,0.017989591,0.2421
8/9/2019,200.99,199.1092,197.1622,1,0,500,0,100495,22495,122990,-0.009822076,0.2299
8/12/2019,200.48,199.6174,197.2854,1,0,500,0,100240,22495,122735,-0.002073339,0.22735
8/13/2019,208.97,200.3308,197.4242,1,0,500,0,104485,22495,126980,0.034586711,0.2698
8/14/2019,202.75,200.793,197.5412,1,0,500,0,101375,22495,123870,-0.024492046,0.2387
8/15/2019,201.74,201.177,197.6712,1,0,500,0,100870,22495,123365,-0.004076855,0.23365
8/16/2019,206.5,201.6026,197.8683,1,0,500,0,103250,22495,125745,0.019292344,0.25745
8/19/2019,210.35,202.0066,198.0871,1,0,500,0,105175,22495,127670,0.01530876,0.2767
8/20/2019,210.36,202.3622,198.3035,1,0,500,0,105180,22495,127675,3.92E-05,0.27675
8/21/2019,212.64,202.7188,198.5304,1,0,500,0,106320,22495,128815,0.008928921,0.28815
8/22/2019,212.46,203.0842,198.7426,1,0,500,0,106230,22495,128725,-0.000698676,0.28725
8/23/2019,202.64,203.254,198.8288,1,0,500,0,101320,22495,123815,-0.038143329,0.23815
8/26/2019,206.49,203.529,198.9402,1,0,500,0,103245,22495,125740,0.015547389,0.2574
8/27/2019,204.16,203.7344,199.0249,1,0,500,0,102080,22495,124575,-0.00926515,0.24575
8/28/2019,205.53,203.876,199.1102,1,0,500,0,102765,22495,125260,0.005498696,0.2526
8/29/2019,209.01,204.0988,199.1993,1,0,500,0,104505,22495,127000,0.013891107,0.27
8/30/2019,208.74,204.2844,199.2917,1,0,500,0,104370,22495,126865,-0.001062992,0.26865
9/3/2019,205.7,204.4228,199.3425,1,0,500,0,102850,22495,125345,-0.01198124,0.25345
9/4/2019,209.19,204.635,199.4449,1,0,500,0,104595,22495,127090,0.013921576,0.2709
9/5/2019,213.28,204.9892,199.589,1,0,500,0,106640,22495,129135,0.016090959,0.29135
9/6/2019,213.26,205.2584,199.7293,1,0,500,0,106630,22495,129125,-7.74E-05,0.29125
9/9/2019,214.17,205.547,199.8785,1,0,500,0,107085,22495,129580,0.003523717,0.2958
9/10/2019,216.7,205.9226,200.0142,1,0,500,0,108350,22495,130845,0.009762309,0.30845
9/11/2019,223.59,206.3634,200.2115,1,0,500,0,111795,22495,134290,0.026328862,0.3429
9/12/2019,223.085,206.7705,200.39705,1,0,500,0,111542.5,22495,134037.5,-0.001880259,0.340375
9/13/2019,218.75,207.0573,200.50975,1,0,500,0,109375,22495,131870,-0.016170848,0.3187
9/16/2019,219.9,207.3707,200.63715,1,0,500,0,109950,22495,132445,0.004360355,0.32445
9/17/2019,220.7,207.7843,200.79135,1,0,500,0,110350,22495,132845,0.003020122,0.32845
9/18/2019,222.77,208.2149,200.97605,1,0,500,0,111385,22495,133880,0.007791035,0.3388
9/19/2019,220.96,208.5695,201.13955,1,0,500,0,110480,22495,132975,-0.006759785,0.32975
